Tag Name,Address,Data Type,Respect Data Type,Client Access,Scan Rate,Scaling,Raw Low,Raw High,Scaled Low,Scaled High,Scaled Data Type,Clamp Low,Clamp High,Eng Units,Description,Negate Value
"Abort","C1103",Boolean,0,R/W,100,,,,,,,,,,"Abort",
"AC_power_alarm","C400",Boolean,0,R/W,100,,,,,,,,,,"AC power alarm",
"Alarm_ack","C1102",Boolean,1,R/W,100,,,,,,,,,,"Alarm Acknowledgement",
"Bypass_enab","C120",Boolean,0,R/W,100,,,,,,,,,,"Bypass valve enable",
"Bypass_vacuum","Y21",Boolean,0,R/W,100,,,,,,,,,,"Open vacuum bypass valve",
"Cap_man_alarm","C406",Boolean,0,R/W,100,,,,,,,,,,"Capacitance manometer alarm",
"Center_htr_D_alrm","C507",Boolean,0,R/W,100,,,,,,,,,,"Center heater heater deviation alarm",
"Center_htr_end","V2160",Float,0,R/W,100,,,,,,,,,,"Center heater ramp endpoint (real)",
"Center_htr_out","V2066",Short,0,R/W,100,,,,,,,,,,"Center heater output",
"Center_htr_P_alrm","C512",Boolean,0,R/W,100,,,,,,,,,,"Center heater power alarm",
"Center_htr_PV","V3043",Word,0,R/W,100,,,,,,,,,,"Center heater PV (x.x)",
"Center_htr_SP","V3042",Word,0,R/W,100,,,,,,,,,,"Center heater SP (x.x)",
"Center_htr_T_alrm","C504",Boolean,0,R/W,100,,,,,,,,,,"Center heater temperature alarm",
"Center_htr_TC_flt","C501",Boolean,0,R/W,100,,,,,,,,,,"Center heater TC fault",
"Cham_press_alarm","C413",Boolean,0,R/W,100,,,,,,,,,,"High chamber pressure alarm",
"Chamber_10_torr","V1404",Word,0,R/W,100,,,,,,,,,,"Chamber 10 torr manometer raw(0-10torr/0-65535)",
"Chamber_1K_torr","V1402",Word,0,R/W,100,,,,,,,,,,"Chamber 1K torr manometer raw(0-1000torr/0-65535)",
"Chamber_closed","C701",Boolean,1,R/W,100,,,,,,,,,,"Chamber lid closed",
"Chamber_full_open","C700",Boolean,1,R/W,100,,,,,,,,,,"Chamber is fully open",
"Chamber_vacuum","Y22",Boolean,0,R/W,100,,,,,,,,,,"Open vacuum valve",
"Cool_down_pres","V2060",Short,0,R/W,100,,,,,,,,,,"Cool down pressure",
"Cool_down_temp","V2057",Short,0,R/W,100,,,,,,,,,,"Cool down Temperature(DegC,  x.x)",
"Cool_fan_enab","C132",Boolean,1,R/W,100,,,,,,,,,,"Cooling fan is enabled",
"Cool_fan_stat","Y32",Boolean,1,R/W,100,,,,,,,,,,"Cooling fan status",
"Cool_move1","V640",Long,1,R/W,100,,,,,,,,,,"Open chamber stage one move to relative position",
"Cool_move2","V642",Long,1,R/W,100,,,,,,,,,,"Open chamber stage two move to relative position",
"Cool_move3","V644",Long,1,R/W,100,,,,,,,,,,"Open chamber stage three move to relative position",
"Cool_move4","V646",Long,1,R/W,100,,,,,,,,,,"Open chamber stage four move to relative position",
"Cool_pump_enab","C133",Boolean,1,R/W,100,,,,,,,,,,"Cooling pump is enabled",
"Cool_pump_stat","Y33",Boolean,1,R/W,100,,,,,,,,,,"Cooling pump status",
"Cool_temp1","V660",Word,1,R/W,100,,,,,,,,,,"Open chamber stage one temperature",
"Cool_temp2","V661",Word,1,R/W,100,,,,,,,,,,"Open chamber stage two temperature",
"Cool_temp3","V662",Word,1,R/W,100,,,,,,,,,,"Open chamber stage three temperature",
"Cool_temp4","V663",Word,1,R/W,100,,,,,,,,,,"Open chamber stage four temperature",
"Cool_temp5","V664",Word,1,R/W,100,,,,,,,,,,"Open chamber final stage  temperature",
"Cycle_MFC_power","C44",Boolean,1,R/W,100,,,,,,,,,,"Cycle the MFC power to resolve com errors",
"Door_open","C3015",Boolean,1,R/W,100,,,,,,,,,,"Door in open position",
"E_stop_alarm","C401",Boolean,0,R/W,100,,,,,,,,,,"Emergency stop alarm",
"Elapsed_run_time","V4",LBCD,0,R/W,100,,,,,,,,,,"In cycle elapsed time BCD (x.x)",
"Enc_N2_purge","Y30",Boolean,0,R/W,100,,,,,,,,,,"Enclosure N2 purge gas",
"Enc_purge_enab","C130",Boolean,0,R/W,100,,,,,,,,,,"Enclosure purge valve enable",
"Encl_door","X10",Boolean,1,R/W,100,,,,,,,,,,"Enclosure door closed",
"Enclosure_temp","V1446",Short,1,R/W,100,,,,,,,,,,"Enclosure temperature",
"Exhaust_alarm","C403",Boolean,0,R/W,100,,,,,,,,,,"Exhaust pressure alarm",
"Exhaust_H2S_level","V1470",Short,1,R/W,100,,,,,,,,,,"Exhaust H2S level",
"Exhaust_NH3_level","V1471",Short,1,R/W,100,,,,,,,,,,"Exhaust NH3 level",
"Exhaust_OK","C307",Boolean,0,R/W,100,,,,,,,,,,"Exhaust pressure OK",
"Fault","C627",Boolean,0,R/W,100,,,,,,,,,,"Fault",
"Fault_reset","C1101",Boolean,0,R/W,100,,,,,,,,,,"Fault reset",
"Final_PP_cycles","V2033",Short,0,R/W,100,,,,,,,,,,"Final pump purge cycles",
"Gas_1_flow_rate","V2132",Word,0,R/W,100,,,,,,,,,,"MFC-1, O2 flow (int) 0.1 sccm",
"Gas_1_flow_SP","V2100",Word,0,R/W,100,,,,,,,,,,"O2 MFC-1 flow setpoint (int) 0.1 sccm",
"Gas_1_MFC_alarm","C460",Boolean,0,R/W,100,,,,,,,,,,"MFC-1, O2 flow alarm",
"Gas_1_out_enab","C100",Boolean,0,R/W,100,,,,,,,,,,"Open O2 (MFC1) outlet valve enable",
"Gas_1_outlet","Y0",Boolean,0,R/W,100,,,,,,,,,,"Open O2 (MFC1) outlet valve status",
"Gas_2_flow_rate","V2133",Word,0,R/W,100,,,,,,,,,,"MFC-2, N2-1 (int) 0.1 sccm",
"Gas_2_flow_SP","V2101",Word,0,R/W,100,,,,,,,,,,"N2-1 MFC-2 flow setpoint (int) 0.1 sccm",
"Gas_2_MFC_alarm","C461",Boolean,0,R/W,100,,,,,,,,,,"MFC-2, N2-1 flow alarm",
"Gas_2_out_enab","C101",Boolean,0,R/W,100,,,,,,,,,,"Open N2-1 (MFC2) outlet valve enable",
"Gas_2_outlet","Y1",Boolean,0,R/W,100,,,,,,,,,,"Open N2 (MFC2) outlet valve status",
"Gas_3_flow_rate","V2134",Word,0,R/W,100,,,,,,,,,,"MFC-3, N2-2 flow (int) 0.1 sccm",
"Gas_3_flow_SP","V2102",Word,0,R/W,100,,,,,,,,,,"N2-2 MFC-3 flow setpoint (int) 0.1 sccm",
"Gas_3_MFC_alarm","C462",Boolean,0,R/W,100,,,,,,,,,,"MFC-3, N2-2 flow alarm",
"Gas_3_out_enab","C102",Boolean,0,R/W,100,,,,,,,,,,"Open N2-2 (MFC3) outlet valve enable",
"Gas_3_outlet","Y2",Boolean,0,R/W,100,,,,,,,,,,"Open N2 (MFC3) outlet valve status",
"Gas_4_flow_rate","V2135",Word,0,R/W,100,,,,,,,,,,"MFC-4, CH4 flow (int) 0.1 sccm",
"Gas_4_flow_SP","V2103",Word,0,R/W,100,,,,,,,,,,"CH4 MFC-4 flow setpoint (int) 0.1 sccm",
"Gas_4_MFC_alarm","C463",Boolean,0,R/W,100,,,,,,,,,,"MFC-4, CH4 flow alarm",
"Gas_4_out_enab","C103",Boolean,0,R/W,100,,,,,,,,,,"Open CH4 (MFC4) outlet valve enable",
"Gas_4_outlet","Y3",Boolean,0,R/W,100,,,,,,,,,,"Open CH4 (MFC4) outlet valve status",
"Gas_5_flow_rate","V2136",Word,0,R/W,100,,,,,,,,,,"MFC-5, H2-1 flow (int) 0.1 sccm",
"Gas_5_flow_SP","V2104",Word,0,R/W,100,,,,,,,,,,"H2-1 MFC-5 high flow setpoint (int) 0.1 sccm",
"Gas_5_MFC_alarm","C464",Boolean,0,R/W,100,,,,,,,,,,"MFC-5, H2-1 flow alarm",
"Gas_5_out_enab","C104",Boolean,0,R/W,100,,,,,,,,,,"Open H2-1 (MFC5) outlet valve enable",
"Gas_5_outlet","Y4",Boolean,0,R/W,100,,,,,,,,,,"Open H2 (MFC5) outlet valve status",
"Gas_6_flow_rate","V2137",Word,0,R/W,100,,,,,,,,,,"MFC-6, H2-2 flow (int) 0.1 sccm",
"Gas_6_flow_SP","V2105",Word,0,R/W,100,,,,,,,,,,"H2-2 MFC-6 low flow setpoint (int) 0.1 sccm",
"Gas_6_MFC_alarm","C465",Boolean,0,R/W,100,,,,,,,,,,"MFC-6, H2-2 flow alarm",
"Gas_6_out_enab","C105",Boolean,0,R/W,100,,,,,,,,,,"Open H2-2 (MFC6) outlet valve enable",
"Gas_6_outlet","Y5",Boolean,0,R/W,100,,,,,,,,,,"Open H2 (MFC6) outlet valve status",
"Gas_7_flow_rate","V2140",Word,0,R/W,100,,,,,,,,,,"MFC-7, NH3 flow (int) 0.1 sccm",
"Gas_7_flow_SP","V2106",Word,0,R/W,100,,,,,,,,,,"Gas 1 MFC flow setpoint",
"Gas_7_in","Y11",Boolean,0,R/W,100,,,,,,,,,,"Open NH3 (MFC7) inlet valve status",
"Gas_7_in_enab","C111",Boolean,0,R/W,100,,,,,,,,,,"Open NH3 (MFC7) in valve enable",
"Gas_7_MFC_alarm","C466",Boolean,0,R/W,100,,,,,,,,,,"MFC-7, NH3 flow alarm",
"Gas_7_out_enab","C106",Boolean,0,R/W,100,,,,,,,,,,"Open NH3 (MFC7 outlet valve enable",
"Gas_7_outlet","Y6",Boolean,0,R/W,100,,,,,,,,,,"Open NH3 (MFC7) outlet valve status",
"Gas_7_purge","Y12",Boolean,0,R/W,100,,,,,,,,,,"Open NH3 (MFC7) purge valve status",
"Gas_8_flow_rate","V2141",Word,0,R/W,100,,,,,,,,,,"MFC-8, H2S flow (int) 0.1 sccm",
"Gas_8_flow_SP","V2107",Word,0,R/W,100,,,,,,,,,,"Gas 2 MFC flow setpoint",
"Gas_8_in","Y13",Boolean,0,R/W,100,,,,,,,,,,"Open H2S (MFC8) inlet valve status",
"Gas_8_in_enab","C113",Boolean,0,R/W,100,,,,,,,,,,"Open H2S (MFC8) in valve enable",
"Gas_8_MFC_alarm","C467",Boolean,0,R/W,100,,,,,,,,,,"MFC-8, H2S flow alarm",
"Gas_8_out_enab","C107",Boolean,0,R/W,100,,,,,,,,,,"Open H2S (MFC8) outlet valve enable",
"Gas_8_outlet","Y7",Boolean,0,R/W,100,,,,,,,,,,"Open H2S (MFC8) outlet valve status",
"Gas_8_purge","Y14",Boolean,0,R/W,100,,,,,,,,,,"Open H2S (MFC8) purge valve status",
"Gas_9_flow_rate","V2142",Word,0,R/W,100,,,,,,,,,,"MFC-9, Ar flow (int) 0.1 sccm",
"Gas_9_flow_SP","V2110",Word,0,R/W,100,,,,,,,,,,"Gas 3 MFC flow setpoint",
"Gas_9_MFC_alarm","C470",Boolean,0,R/W,100,,,,,,,,,,"MFC-9, Ar flow alarm",
"Gas_9_out_enab","C110",Boolean,0,R/W,100,,,,,,,,,,"Open Ar (MFC9) outlet valve enable",
"Gas_9_outlet","Y10",Boolean,0,R/W,100,,,,,,,,,,"Open Ar (MFC9) outlet valve status",
"Gas_alarm","C627",Boolean,1,R/W,100,,,,,,,,,,"General gas alarm",
"Gas_box_N2_alarm","C421",Boolean,0,R/W,100,,,,,,,,,,"Gas box N2 pressure alarm",
"Gas_bypass","Y20",Boolean,0,R/W,100,,,,,,,,,,"Open bypass valve",
"Gas_enable","X6",Boolean,1,R/W,100,,,,,,,,,,"Gas enable switch < 670 torr",
"Gas_inlet","Y17",Boolean,0,R/W,100,,,,,,,,,,"Open inlet valve",
"H2S_enab","C116",Boolean,1,R/W,100,,,,,,,,,,"Open H2S cylinder shut-off valve ready",
"H2S_purge_enab","C114",Boolean,0,R/W,100,,,,,,,,,,"H2S purge valve enable",
"H2S_reset","C1116",Boolean,1,R/W,100,,,,,,,,,,"H2S flow total reset",
"H2S_shutoff","Y16",Boolean,0,R/W,100,,,,,,,,,,"Open H2S cylinder shut-off valve status",
"H2S_total","V1522",Float,1,R/W,100,,,,,,,,,,"H2S scrubber gas total",
"H2S_total_sp","V2074",Float,1,R/W,100,,,,,,,,,,"NH3 flow total set point for scrubber",
"Heat_abort_time","V2061",Short,0,R/W,100,,,,,,,,,,"Heater interlock abort time seconds",
"Heat_ramp_time","V2164",LBCD,0,R/W,100,,,,,,,,,,"Heater ramp time setpoint BCD (x.x) (double)",
"Heat_step_count","V1002",BCD,0,R/W,100,,,,,,,,,,"Heater step count",
"Heater","Y43",Boolean,1,R/W,100,,,,,,,,,,"Heater status",
"Heater_enable","C143",Boolean,0,R/W,100,,,,,,,,,,"Heater enable",
"Heater_off_alarm","C417",Boolean,0,R/W,100,,,,,,,,,,"Heater off alarm",
"Heater_pwr_alarm","C633",Boolean,0,R/W,100,,,,,,,,,,"Heater power timer alarm",
"Heater_step_time","V2",LBCD,0,R/W,100,,,,,,,,,,"Heater step time",
"High_rate_alarm","C411",Boolean,0,R/W,100,,,,,,,,,,"High pump rate alarm",
"Hood_door","X11",Boolean,1,R/W,100,,,,,,,,,,"Hood door closed",
"Hood_H2S_level","V1472",Short,1,R/W,100,,,,,,,,,,"Hood H2S level",
"Hood_NH3_level","V1473",Short,1,R/W,100,,,,,,,,,,"Hood NH3 level",
"Hood_PH3_level","V1474",Short,1,R/W,100,,,,,,,,,,"Hood PH3 level",
"In_cycle","C1000",Boolean,0,R/W,100,,,,,,,,,,"Process is in cycle",
"Init_PP_cycles","V2047",Short,0,R/W,100,,,,,,,,,,"Initial pump purge cycles",
"Inlet_enab","C117",Boolean,0,R/W,100,,,,,,,,,,"Inlet valve enable",
"Leak_check_fail","C1020",Boolean,0,R/W,100,,,,,,,,,,"Leak check fail",
"Leak_chk_time","V11",LBCD,0,R/W,100,,,,,,,,,,"Leak check time elapsed BCD (x.x)",
"Leak_time","V2055",Short,0,R/W,100,,,,,,,,,,"Chamber leak test time seconds",
"Left_heater_out","V2065",Short,0,R/W,100,,,,,,,,,,"Left heater output",
"Left_heater_PV","V3003",Word,0,R/W,100,,,,,,,,,,"Left heater PV (x.x)",
"Left_heater_SP","V3002",Word,0,R/W,100,,,,,,,,,,"Left heater SP (x.x)",
"Left_htr_D_alrm","C506",Boolean,0,R/W,100,,,,,,,,,,"Left heater heater deviation alarm",
"Left_htr_end","V2156",Float,0,R/W,100,,,,,,,,,,"Left heater ramp endpoint (real)",
"Left_htr_P_alrm","C511",Boolean,0,R/W,100,,,,,,,,,,"Left heater power alarm",
"Left_htr_T_alrm","C503",Boolean,0,R/W,100,,,,,,,,,,"Left heater temperature alarm",
"Left_htr_TC_flt","C500",Boolean,0,R/W,100,,,,,,,,,,"Left heater TC fault",
"Manifold_10_torr","V1406",Word,1,R/W,100,,,,,,,,,,"Manifold pressure",
"Manual_mode","C62",Boolean,0,R/W,100,,,,,,,,,,"Manual control mode",
"Master_int_alarm","C402",Boolean,0,R/W,100,,,,,,,,,,"Master interlock alarm",
"Max_chamb_press","V2041",Short,0,R/W,100,,,,,,,,,,"Max chamber process pressure",
"Max_leak_rate","V2053",Float,0,R/W,100,,,,,,,,,,"Maximum chamber leak rate (real)",
"Max_O2_level","V2032",Short,0,R/W,100,,,,,,,,,,"Maximum O2 level (x.x%)",
"Max_vent_press","V2043",Short,0,R/W,100,,,,,,,,,,"Max chamber vent pressure",
"MFC_enable","C144",Boolean,0,R/W,100,,,,,,,,,,"MFC power cycle enable",
"MFC_flow_alarm","C637",Boolean,0,R/W,100,,,,,,,,,,"One or more MFCs flow alarm",
"Motor_kill","C675",Boolean,0,R/W,100,,,,,,,,,,"Kill all motion",
"Motor_motion","C720",Boolean,1,R/W,100,,,,,,,,,,"Motor moving",
"Motor_position","V2435",Long,1,R/W,100,,,,,,,,,,"Motor position in counts",
"Move_interval","V670",Short,1,R/W,100,,,,,,,,,,"Time between moves during cool down",
"NH3_enab","C115",Boolean,1,R/W,100,,,,,,,,,,"Open NH3 cylinder shut-off valve ready",
"NH3_purge_enab","C112",Boolean,0,R/W,100,,,,,,,,,,"NH3 purge valve enable",
"NH3_reset","C1115",Boolean,1,R/W,100,,,,,,,,,,"NH3 flow total reset",
"NH3_shutoff","Y15",Boolean,0,R/W,100,,,,,,,,,,"Open NH3 cylinder shut-off valve status",
"NH3_total","V1520",Float,1,R/W,100,,,,,,,,,,"NH3 scrubber gas total",
"NH3_total_sp","V2072",Float,1,R/W,100,,,,,,,,,,"NH3 flow total set point for scrubber",
"O2_level","V1474",Short,0,R/W,100,,,,,,,,,,"Ballast tank O2 level (x.x%)",
"O2_level_alarm","C420",Boolean,0,R/W,100,,,,,,,,,,"O2 high level alarm",
"O2_used","C363",Boolean,1,R/W,100,,,,,,,,,,"Oxygen is flowing indicator",
"Pressure_pause","C340",Boolean,1,R/W,100,,,,,,,,,,"Indicates recipe paused until pressure set point reached",
"Pressure_SP","V2044",Word,0,R/W,100,,,,,,,,,,"Pressure control setpoint (x.xx torr)",
"Proc_step_count","V1001",BCD,0,R/W,100,,,,,,,,,,"Prorocess step count",
"Proc_step_time","V0",LBCD,0,R/W,100,,,,,,,,,,"Process step time",
"Process_time","V2114",LBCD,0,R/W,100,,,,,,,,,,"Process time setpoint BCD (x.x) (double)",
"Pump_alarm","C404",Boolean,0,R/W,100,,,,,,,,,,"Vacuum pump alarm",
"Pump_at_speed","X7",Boolean,1,R/W,100,,,,,,,,,,"Vacuum pump at speed",
"Pump_base_alarm","C407",Boolean,0,R/W,100,,,,,,,,,,"Vacuum pump base pressure alarm",
"Pump_base_pres","V2056",Short,0,R/W,100,,,,,,,,,,"Vacuum pump base pressure (mT)",
"Pump_down","C70",Boolean,0,R/W,100,,,,,,,,,,"Control system pump down",
"Pump_down_alarm","C410",Boolean,0,R/W,100,,,,,,,,,,"Pump time exceeded alarm",
"Pump_down_pres","V2051",Float,0,R/W,100,,,,,,,,,,"Chamber pump down pressure (real)",
"Pump_down_time","V2031",Short,0,R/W,100,,,,,,,,,,"Maximum pump down time in seconds",
"Pump_enab","C136",Boolean,0,R/W,100,,,,,,,,,,"Vacuum pump enable",
"Pump_N2_purge","Y31",Boolean,0,R/W,100,,,,,,,,,,"Pump N2 purge gas",
"Pump_press","V1510",Float,0,R/W,100,,,,,,,,,,"Rough pump pressure pressure in torr (real)",
"Pump_purge_count","V1000",BCD,0,R/W,100,,,,,,,,,,"Pump purge cycle count",
"Pump_purge_cycls","V2005",Short,0,R/W,100,,,,,,,,,,"Pump purge cycle counter setpoint",
"Pump_purge_enab","C131",Boolean,0,R/W,100,,,,,,,,,,"Pump purge valve enable",
"Pump_rate_real","V2012",Float,0,R/W,100,,,,,,,,,,"Current pumping rate (real)",
"Pump_rate_set","V2045",Short,0,R/W,100,,,,,,,,,,"Pump rate setpoint (x.xx) torr per second",
"Pump_ready","C305",Boolean,0,R/W,100,,,,,,,,,,"Vacuum pump ready",
"Purge_alarm","C415",Boolean,0,R/W,100,,,,,,,,,,"Chamber purge N2 alarm",
"Purge_pressure","V2050",Short,0,R/W,100,,,,,,,,,,"Chamber purge pressure",
"Reactive_flowing","C365",Boolean,1,R/W,100,,,,,,,,,,"Reactive gas is flowing",
"Reactive_used","C364",Boolean,1,R/W,100,,,,,,,,,,"Reactive gas has been used indicator",
"Recipe_StrLen","V13400",Short,0,R/W,100,,,,,,,,,,"Number of characters in recipe name",
"Red_alarm_test","C641",Boolean,1,R/W,100,,,,,,,,,,"Test operation of red alarm light",
"Remote_run","C1106",Boolean,0,R/W,100,,,,,,,,,,"Remote run request",
"Remote_Vent","C1110",Boolean,0,R/W,100,,,,,,,,,,"Remote vent",
"Req_bypass_vac","C21",Boolean,0,R/W,100,,,,,,,,,,"Request open bypass vacuum valve",
"Req_bypass_valve","C20",Boolean,0,R/W,100,,,,,,,,,,"Request open bypass valve",
"Req_chamber_close","C740",Boolean,0,R/W,100,,,,,,,,,,"Request door close",
"Req_chamber_open","C721",Boolean,0,R/W,100,,,,,,,,,,"Request door open",
"Req_close_throt","C34",Boolean,0,R/W,100,,,,,,,,,,"Request close throttle valve",
"Req_cooling_fan","C32",Boolean,1,R/W,100,,,,,,,,,,"Request cooling fan",
"Req_cooling_pump","C33",Boolean,1,R/W,100,,,,,,,,,,"Request cooling pump",
"Req_enc_purge","C30",Boolean,0,R/W,100,,,,,,,,,,"Request open enclosure purge valve",
"Req_gas_1_out","C0",Boolean,0,R/W,100,,,,,,,,,,"Request open O2 (MFC1) outlet valve",
"Req_gas_2_out","C1",Boolean,0,R/W,100,,,,,,,,,,"Request open N2 (MFC2) outlet valve",
"Req_gas_3_out","C2",Boolean,0,R/W,100,,,,,,,,,,"Request open N2 (MFC3) outlet valve",
"Req_gas_4_out","C3",Boolean,0,R/W,100,,,,,,,,,,"Request open CH4 (MFC4) outlet valve",
"Req_gas_5_out","C4",Boolean,0,R/W,100,,,,,,,,,,"Request open H2 (MFC5) outlet valve",
"Req_gas_6_out","C5",Boolean,0,R/W,100,,,,,,,,,,"Request open H2 (MFC6) outlet valve",
"Req_gas_7_csv","C15",Boolean,0,R/W,100,,,,,,,,,,"Request NH3 cylinder shut-off valve",
"Req_gas_7_in","C11",Boolean,0,R/W,100,,,,,,,,,,"Request open NH3 (MFC7) in valve",
"Req_gas_7_out","C6",Boolean,0,R/W,100,,,,,,,,,,"Request open NH3 (MFC7) outlet valve",
"Req_gas_7_purge","C12",Boolean,0,R/W,100,,,,,,,,,,"Request NH3 (MFC7) purge valve",
"Req_gas_8_csv","C16",Boolean,0,R/W,100,,,,,,,,,,"Request H2S cylinder shut-off valve",
"Req_gas_8_in","C13",Boolean,0,R/W,100,,,,,,,,,,"Request open H2S (MFC8) in valve",
"Req_gas_8_out","C7",Boolean,0,R/W,100,,,,,,,,,,"Request open H2S (MFC8) outlet valve",
"Req_gas_8_purge","C14",Boolean,0,R/W,100,,,,,,,,,,"Request  H2S (MFC8) purge valve",
"Req_gas_9_out","C10",Boolean,0,R/W,100,,,,,,,,,,"Request open Ar (MFC9) outlet valve",
"Req_heater","C43",Boolean,0,R/W,100,,,,,,,,,,"Request  heater",
"Req_inlet_valve","C17",Boolean,0,R/W,100,,,,,,,,,,"Request open inlet valve",
"Req_open_throt","C35",Boolean,0,R/W,100,,,,,,,,,,"Request open throttle valve",
"Req_pump_purge","C31",Boolean,0,R/W,100,,,,,,,,,,"Request open pump purge valve",
"Req_pumpdown","C60",Boolean,0,R/W,100,,,,,,,,,,"Request manual pumpdown",
"Req_vacuum_pump","C36",Boolean,0,R/W,100,,,,,,,,,,"Request vacuum pump",
"Req_vacuum_valve","C22",Boolean,0,R/W,100,,,,,,,,,,"Request open vacuum valve",
"Req_vent_valve","C72",Boolean,0,R/W,100,,,,,,,,,,"Request open vent valve",
"Right_htr_D_alrm","C510",Boolean,0,R/W,100,,,,,,,,,,"Right heater heater deviation alarm",
"Right_htr_end","V2162",Float,0,R/W,100,,,,,,,,,,"Right heater ramp endpoint (real)",
"Right_htr_out","V2067",Short,0,R/W,100,,,,,,,,,,"Right heater output",
"Right_htr_P_alrm","C513",Boolean,0,R/W,100,,,,,,,,,,"Right heater power alarm",
"Right_htr_PV","V3103",Word,0,R/W,100,,,,,,,,,,"Right heater PV (x.x)",
"Right_htr_SP","V3102",Word,0,R/W,100,,,,,,,,,,"Right heater SP (x.x)",
"Right_htr_T_alrm","C505",Boolean,0,R/W,100,,,,,,,,,,"Right heater temperature alarm",
"Right_htr_TC_flt","C502",Boolean,0,R/W,100,,,,,,,,,,"Right heater TC fault",
"Rough_pressure","V1400",Short,0,R/W,100,,,,,,,,,,"Rough pump pressure raw",
"Run","C1100",Boolean,0,R/W,100,,,,,,,,,,"Run",
"Run_number","V2030",Short,0,R/W,100,,,,,,,,,,"Current run number",
"Run_step","V2027",Short,0,R/W,100,,,,,,,,,,"Current run sequence step",
"Set_pressure","V2044",Short,0,R/W,100,,,,,,,,,,"Chamber pressure setpoint",
"Soft_cross","V2040",Short,0,R/W,100,,,,,,,,,,"Soft vacuum crossover",
"Start_up","C1107",Boolean,0,R/W,100,,,,,,,,,,"System start up",
"Temp_alarm","C631",Boolean,0,R/W,100,,,,,,,,,,"Temperature alarm",
"Temp_dev_alarm","C632",Boolean,0,R/W,100,,,,,,,,,,"Temperature deviation alarm",
"Temp_pause","C341",Boolean,1,R/W,100,,,,,,,,,,"Indicates recipe paused until temperature set point reached",
"Throt_pos_alarm","C412",Boolean,0,R/W,100,,,,,,,,,,"Throttle position alarm",
"Throttle_pos","V1420",Word,0,R/W,100,,,,,,,,,,"Throttle position output (0-100%/0-65535) ",
"Tube_in_pos","X12",Boolean,1,R/W,100,,,,,,,,,,"Tube in position",
"V40620","V40620",Word,0,R/W,100,,,,,,,,,,"V register to read C400 - C417 values",
"V40621","V40621",Short,0,R/W,100,,,,,,,,,,"V register to read C420 - C437 values",
"V40622","V40622",Word,0,R/W,100,,,,,,,,,,"V register to read C440 - C457 values",
"V40623","V40623",Word,0,R/W,100,,,,,,,,,,"V register to read C460 - C457 values",
"V40624","V40624",Word,0,R/W,100,,,,,,,,,,"V register to read C500 - C517 values",
"V40625","V40625",Word,1,R/W,100,,,,,,,,,,"V register to read C520 - C537 values",
"V40626","V40626",Word,1,R/W,100,,,,,,,,,,"V register to read C540 - C557 values",
"V40630","V40630",Word,1,R/W,100,,,,,,,,,,"V register to read C600 - C617 values",
"V40631","V40631",Word,1,R/W,100,,,,,,,,,,"V register to read C620 - C637 values",
"Vac_bypass_enab","C121",Boolean,0,R/W,100,,,,,,,,,,"Vacuum bypass valve enable",
"Vac_valve_enab","C122",Boolean,0,R/W,100,,,,,,,,,,"Vacuum valve enable",
"Vacuum_pump","Y36",Boolean,0,R/W,100,,,,,,,,,,"Run vacuum pump",
"Vent_alarm","C416",Boolean,0,R/W,100,,,,,,,,,,"Vent N2 alarm",
"Vent_ch_seq","C1112",Boolean,0,R/W,100,,,,,,,,,,"Vent chamber sequence",
"Vent_disable","C1111",Boolean,0,R/W,100,,,,,,,,,,"Vent valve disable",
"Vent_sw_alarm","C405",Boolean,0,R/W,100,,,,,,,,,,"Vent switch alarm",
"Vent_sw_iso_pres","V2042",Short,0,R/W,100,,,,,,,,,,"Vent switch isloation pressure",
"Vent_switch","X5",Boolean,0,R/W,100,,,,,,,,,,"Vent safety switch on",
"Vent_valve_enab","C170",Boolean,0,R/W,100,,,,,,,,,,"Vent valve enable",
"Water_flow","V1454",Word,1,R/W,100,,,,,,,,,,"Water flow (gpm)",
"Water_temp","V1455",Word,1,R/W,100,,,,,,,,,,"Water temperature",
"Recipe.step 0 Ar","V10007",Word,1,R/W,100,,,,,,,,,,"Ar flow setpoint, MFC-9,  step 0",
"Recipe.step 0 CH4","V10003",Word,1,R/W,100,,,,,,,,,,"CH4 flow setpoint, MFC-4,   step 0",
"Recipe.step 0 H2","V10004",Word,1,R/W,100,,,,,,,,,,"H2 flow setpoint, MFC-5 & MFC-6,  step 0",
"Recipe.step 0 H2S","V10006",Word,1,R/W,100,,,,,,,,,,"H2S flow setpoint, MFC-8,  step 0",
"Recipe.step 0 N2","V10002",Word,1,R/W,100,,,,,,,,,,"N2 flow setpoint, MFC-2 step 0",
"Recipe.step 0 NH3","V10005",Word,1,R/W,100,,,,,,,,,,"NH3 flow setpoin, MFC-7, t step 0",
"Recipe.step 0 O2","V10001",Word,1,R/W,100,,,,,,,,,,"O2 flow setpoint, MFC-1  step 0",
"Recipe.step 0 Press","V10000",Word,1,R/W,100,,,,,,,,,,"Furnace pressure setpoint step 0",
"Recipe.step 0 Time","V10010",Word,1,R/W,100,,,,,,,,,,"Process time step 0",
"Recipe.step 00 Center","V11001",Word,1,R/W,100,,,,,,,,,,"Center heater temperature step 00",
"Recipe.step 00 Ht time","V11003",Word,1,R/W,100,,,,,,,,,,"Heater timer step 00",
"Recipe.step 00 Left","V11000",Word,1,R/W,100,,,,,,,,,,"Left heater temperature step 00",
"Recipe.step 00 Right","V11002",Word,1,R/W,100,,,,,,,,,,"Right heater temperature step 00",
"Recipe.step 1 Ar","V10020",Word,1,R/W,100,,,,,,,,,,"Ar flow setpoint, MFC-9,  step 1",
"Recipe.step 1 Center","V11005",Word,1,R/W,100,,,,,,,,,,"Center heater temperature step 1",
"Recipe.step 1 CH4","V10014",Word,1,R/W,100,,,,,,,,,,"CH4 flow setpoint, MFC-4,   step 1",
"Recipe.step 1 H2","V10015",Word,1,R/W,100,,,,,,,,,,"H2 flow setpoint, MFC-5 & MFC-6,  step 1",
"Recipe.step 1 H2S","V10017",Word,1,R/W,100,,,,,,,,,,"H2S flow setpoint, MFC-8,  step 1",
"Recipe.step 1 Ht time","V11007",Word,1,R/W,100,,,,,,,,,,"Heater timer step 1",
"Recipe.step 1 Left","V11004",Word,1,R/W,100,,,,,,,,,,"Left heater temperature step 1",
"Recipe.step 1 N2","V10013",Word,1,R/W,100,,,,,,,,,,"N2 flow setpoint, MFC-2 step 1",
"Recipe.step 1 NH3","V10016",Word,1,R/W,100,,,,,,,,,,"NH3 flow setpoin, MFC-7, t step 1",
"Recipe.step 1 O2","V10012",Word,1,R/W,100,,,,,,,,,,"O2 flow setpoint, MFC-1  step 1",
"Recipe.step 1 Press","V10011",Word,1,R/W,100,,,,,,,,,,"Furnace pressure setpoint step 1",
"Recipe.step 1 Right","V11006",Word,1,R/W,100,,,,,,,,,,"Right heater temperature step 1",
"Recipe.step 1 Time","V10021",Word,1,R/W,100,,,,,,,,,,"Process time step 1",
"Recipe.step 10 Ar","V10141",Word,1,R/W,100,,,,,,,,,,"Ar flow setpoint, MFC-9,  step 10",
"Recipe.step 10 Center","V11051",Word,1,R/W,100,,,,,,,,,,"Center heater temperature step 10",
"Recipe.step 10 CH4","V10135",Word,1,R/W,100,,,,,,,,,,"CH4 flow setpoint, MFC-4,   step 10",
"Recipe.step 10 H2","V10136",Word,1,R/W,100,,,,,,,,,,"H2 flow setpoint, MFC-5 & MFC-6,  step 10",
"Recipe.step 10 H2S","V10140",Word,1,R/W,100,,,,,,,,,,"H2S flow setpoint, MFC-8,  step 10",
"Recipe.step 10 Ht time","V11053",Word,1,R/W,100,,,,,,,,,,"Heater timer step 10",
"Recipe.step 10 Left","V11050",Word,1,R/W,100,,,,,,,,,,"Left heater temperature step 10",
"Recipe.step 10 N2","V10134",Word,1,R/W,100,,,,,,,,,,"N2 flow setpoint, MFC-2 step 10",
"Recipe.step 10 NH3","V10137",Word,1,R/W,100,,,,,,,,,,"NH3 flow setpoin, MFC-7, t step 10",
"Recipe.step 10 O2","V10133",Word,1,R/W,100,,,,,,,,,,"O2 flow setpoint, MFC-1  step 10",
"Recipe.step 10 Press","V10132",Word,1,R/W,100,,,,,,,,,,"Furnace pressure setpoint step 10",
"Recipe.step 10 Right","V11052",Word,1,R/W,100,,,,,,,,,,"Right heater temperature step 10",
"Recipe.step 10 Time","V10142",Word,1,R/W,100,,,,,,,,,,"Process time step 10",
"Recipe.step 11 Ar","V10152",Word,1,R/W,100,,,,,,,,,,"Ar flow setpoint, MFC-9,  step 11",
"Recipe.step 11 Center","V11055",Word,1,R/W,100,,,,,,,,,,"Center heater temperature step 11",
"Recipe.step 11 CH4","V10146",Word,1,R/W,100,,,,,,,,,,"CH4 flow setpoint, MFC-4,   step 11",
"Recipe.step 11 H2","V10147",Word,1,R/W,100,,,,,,,,,,"H2 flow setpoint, MFC-5 & MFC-6,  step 11",
"Recipe.step 11 H2S","V10151",Word,1,R/W,100,,,,,,,,,,"H2S flow setpoint, MFC-8,  step 11",
"Recipe.step 11 Ht time","V11057",Word,1,R/W,100,,,,,,,,,,"Heater timer step 11",
"Recipe.step 11 Left","V11054",Word,1,R/W,100,,,,,,,,,,"Left heater temperature step 11",
"Recipe.step 11 N2","V10145",Word,1,R/W,100,,,,,,,,,,"N2 flow setpoint, MFC-2 step 11",
"Recipe.step 11 NH3","V10150",Word,1,R/W,100,,,,,,,,,,"NH3 flow setpoin, MFC-7, t step 11",
"Recipe.step 11 O2","V10144",Word,1,R/W,100,,,,,,,,,,"O2 flow setpoint, MFC-1  step 11",
"Recipe.step 11 Press","V10143",Word,1,R/W,100,,,,,,,,,,"Furnace pressure setpoint step 11",
"Recipe.step 11 Right","V11056",Word,1,R/W,100,,,,,,,,,,"Right heater temperature step 11",
"Recipe.step 11 Time","V10153",Word,1,R/W,100,,,,,,,,,,"Process time step 11",
"Recipe.step 12 Ar","V10163",Word,1,R/W,100,,,,,,,,,,"Ar flow setpoint, MFC-9,  step 12",
"Recipe.step 12 Center","V11061",Word,1,R/W,100,,,,,,,,,,"Center heater temperature step 12",
"Recipe.step 12 CH4","V10157",Word,1,R/W,100,,,,,,,,,,"CH4 flow setpoint, MFC-4,   step 12",
"Recipe.step 12 H2","V10160",Word,1,R/W,100,,,,,,,,,,"H2 flow setpoint, MFC-5 & MFC-6,  step 12",
"Recipe.step 12 H2S","V10162",Word,1,R/W,100,,,,,,,,,,"H2S flow setpoint, MFC-8,  step 12",
"Recipe.step 12 Ht time","V11063",Word,1,R/W,100,,,,,,,,,,"Heater timer step 12",
"Recipe.step 12 Left","V11060",Word,1,R/W,100,,,,,,,,,,"Left heater temperature step 12",
"Recipe.step 12 N2","V10156",Word,1,R/W,100,,,,,,,,,,"N2 flow setpoint, MFC-2 step 12",
"Recipe.step 12 NH3","V10161",Word,1,R/W,100,,,,,,,,,,"NH3 flow setpoin, MFC-7, t step 12",
"Recipe.step 12 O2","V10155",Word,1,R/W,100,,,,,,,,,,"O2 flow setpoint, MFC-1  step 12",
"Recipe.step 12 Press","V10154",Word,1,R/W,100,,,,,,,,,,"Furnace pressure setpoint step 12",
"Recipe.step 12 Right","V11062",Word,1,R/W,100,,,,,,,,,,"Right heater temperature step 12",
"Recipe.step 12 Time","V10164",Word,1,R/W,100,,,,,,,,,,"Process time step 12",
"Recipe.step 13 Ar","V10174",Word,1,R/W,100,,,,,,,,,,"Ar flow setpoint, MFC-9,  step 13",
"Recipe.step 13 Center","V11065",Word,1,R/W,100,,,,,,,,,,"Center heater temperature step 13",
"Recipe.step 13 CH4","V10170",Word,1,R/W,100,,,,,,,,,,"CH4 flow setpoint, MFC-4,   step 13",
"Recipe.step 13 H2","V10171",Word,1,R/W,100,,,,,,,,,,"H2 flow setpoint, MFC-5 & MFC-6,  step 13",
"Recipe.step 13 H2S","V10173",Word,1,R/W,100,,,,,,,,,,"H2S flow setpoint, MFC-8,  step 13",
"Recipe.step 13 Ht time","V11067",Word,1,R/W,100,,,,,,,,,,"Heater timer step 13",
"Recipe.step 13 Left","V11064",Word,1,R/W,100,,,,,,,,,,"Left heater temperature step 13",
"Recipe.step 13 N2","V10167",Word,1,R/W,100,,,,,,,,,,"N2 flow setpoint, MFC-2 step 13",
"Recipe.step 13 NH3","V10172",Word,1,R/W,100,,,,,,,,,,"NH3 flow setpoin, MFC-7, t step 13",
"Recipe.step 13 O2","V10166",Word,1,R/W,100,,,,,,,,,,"O2 flow setpoint, MFC-1  step 13",
"Recipe.step 13 Press","V10165",Word,1,R/W,100,,,,,,,,,,"Furnace pressure setpoint step 13",
"Recipe.step 13 Right","V11066",Word,1,R/W,100,,,,,,,,,,"Right heater temperature step 13",
"Recipe.step 13 Time","V10175",Word,1,R/W,100,,,,,,,,,,"Process time step 13",
"Recipe.step 14 Ar","V10205",Word,1,R/W,100,,,,,,,,,,"Ar flow setpoint, MFC-9,  step 14",
"Recipe.step 14 Center","V11071",Word,1,R/W,100,,,,,,,,,,"Center heater temperature step 14",
"Recipe.step 14 CH4","V10201",Word,1,R/W,100,,,,,,,,,,"CH4 flow setpoint, MFC-4,   step 14",
"Recipe.step 14 H2","V10202",Word,1,R/W,100,,,,,,,,,,"H2 flow setpoint, MFC-5 & MFC-6,  step 14",
"Recipe.step 14 H2S","V10204",Word,1,R/W,100,,,,,,,,,,"H2S flow setpoint, MFC-8,  step 14",
"Recipe.step 14 Left","V11070",Word,1,R/W,100,,,,,,,,,,"Left heater temperature step 14",
"Recipe.step 14 N2","V10200",Word,1,R/W,100,,,,,,,,,,"N2 flow setpoint, MFC-2 step 14",
"Recipe.step 14 NH3","V10203",Word,1,R/W,100,,,,,,,,,,"NH3 flow setpoin, MFC-7, t step 14",
"Recipe.step 14 O2","V10177",Word,1,R/W,100,,,,,,,,,,"O2 flow setpoint, MFC-1  step 14",
"Recipe.step 14 Press","V10176",Word,1,R/W,100,,,,,,,,,,"Furnace pressure setpoint step 14",
"Recipe.step 14 Right","V11072",Word,1,R/W,100,,,,,,,,,,"Right heater temperature step 14",
"Recipe.step 14 Time","V10206",Word,1,R/W,100,,,,,,,,,,"Process time step 14",
"Recipe.step 14 Zn 0","V11073",Word,1,R/W,100,,,,,,,,,,"Zone 0 temperature step 14",
"Recipe.step 15 Ar","V10216",Word,1,R/W,100,,,,,,,,,,"Ar flow setpoint, MFC-9,  step 15",
"Recipe.step 15 CH4","V10212",Word,1,R/W,100,,,,,,,,,,"CH4 flow setpoint, MFC-4,   step 15",
"Recipe.step 15 H2","V10213",Word,1,R/W,100,,,,,,,,,,"H2 flow setpoint, MFC-5 & MFC-6,  step 15",
"Recipe.step 15 H2S","V10215",Word,1,R/W,100,,,,,,,,,,"H2S flow setpoint, MFC-8,  step 15",
"Recipe.step 15 Ht time","V11075",Word,1,R/W,100,,,,,,,,,,"Heater timer step 15",
"Recipe.step 15 Left","V11074",Word,1,R/W,100,,,,,,,,,,"Left heater temperature step 15",
"Recipe.step 15 N2","V10211",Word,1,R/W,100,,,,,,,,,,"N2 flow setpoint, MFC-2 step 15",
"Recipe.step 15 NH3","V10214",Word,1,R/W,100,,,,,,,,,,"NH3 flow setpoin, MFC-7, t step 15",
"Recipe.step 15 O2","V10210",Word,1,R/W,100,,,,,,,,,,"O2 flow setpoint, MFC-1  step 15",
"Recipe.step 15 Press","V10207",Word,1,R/W,100,,,,,,,,,,"Furnace pressure setpoint step 15",
"Recipe.step 15 Right","V11076",Word,1,R/W,100,,,,,,,,,,"Right heater temperature step 15",
"Recipe.step 15 Time","V10217",Word,1,R/W,100,,,,,,,,,,"Process time step 15",
"Recipe.step 15 Zn 0","V11077",Word,1,R/W,100,,,,,,,,,,"Zone 0 temperature step 15",
"Recipe.step 16 Ar","V10227",Word,1,R/W,100,,,,,,,,,,"Ar flow setpoint, MFC-9,  step 16",
"Recipe.step 16 CH4","V10223",Word,1,R/W,100,,,,,,,,,,"CH4 flow setpoint, MFC-4,   step 16",
"Recipe.step 16 H2","V10224",Word,1,R/W,100,,,,,,,,,,"H2 flow setpoint, MFC-5 & MFC-6,  step 16",
"Recipe.step 16 H2S","V10226",Word,1,R/W,100,,,,,,,,,,"H2S flow setpoint, MFC-8,  step 16",
"Recipe.step 16 Ht time","V11101",Word,1,R/W,100,,,,,,,,,,"Heater timer step 16",
"Recipe.step 16 Left","V11100",Word,1,R/W,100,,,,,,,,,,"Left heater temperature step 16",
"Recipe.step 16 N2","V10222",Word,1,R/W,100,,,,,,,,,,"N2 flow setpoint, MFC-2 step 16",
"Recipe.step 16 NH3","V10225",Word,1,R/W,100,,,,,,,,,,"NH3 flow setpoin, MFC-7, t step 16",
"Recipe.step 16 O2","V10221",Word,1,R/W,100,,,,,,,,,,"O2 flow setpoint, MFC-1  step 16",
"Recipe.step 16 Press","V10220",Word,1,R/W,100,,,,,,,,,,"Furnace pressure setpoint step 16",
"Recipe.step 16 Right","V11102",Word,1,R/W,100,,,,,,,,,,"Right heater temperature step 16",
"Recipe.step 16 Time","V10230",Word,1,R/W,100,,,,,,,,,,"Process time step 16",
"Recipe.step 16 Zn 0","V11103",Word,1,R/W,100,,,,,,,,,,"Zone 0 temperature step 16",
"Recipe.step 17 Ar","V10240",Word,1,R/W,100,,,,,,,,,,"Ar flow setpoint, MFC-9,  step 17",
"Recipe.step 17 CH4","V10234",Word,1,R/W,100,,,,,,,,,,"CH4 flow setpoint, MFC-4,   step 17",
"Recipe.step 17 H2","V10235",Word,1,R/W,100,,,,,,,,,,"H2 flow setpoint, MFC-5 & MFC-6,  step 17",
"Recipe.step 17 H2S","V10237",Word,1,R/W,100,,,,,,,,,,"H2S flow setpoint, MFC-8,  step 17",
"Recipe.step 17 Ht time","V11105",Word,1,R/W,100,,,,,,,,,,"Heater timer step 17",
"Recipe.step 17 Left","V11104",Word,1,R/W,100,,,,,,,,,,"Left heater temperature step 17",
"Recipe.step 17 N2","V10233",Word,1,R/W,100,,,,,,,,,,"N2 flow setpoint, MFC-2 step 17",
"Recipe.step 17 NH3","V10236",Word,1,R/W,100,,,,,,,,,,"NH3 flow setpoin, MFC-7, t step 17",
"Recipe.step 17 O2","V10232",Word,1,R/W,100,,,,,,,,,,"O2 flow setpoint, MFC-1  step 17",
"Recipe.step 17 Press","V10231",Word,1,R/W,100,,,,,,,,,,"Furnace pressure setpoint step 17",
"Recipe.step 17 Right","V11106",Word,1,R/W,100,,,,,,,,,,"Right heater temperature step 17",
"Recipe.step 17 Time","V10241",Word,1,R/W,100,,,,,,,,,,"Process time step 17",
"Recipe.step 17 Zn 0","V11107",Word,1,R/W,100,,,,,,,,,,"Zone 0 temperature step 17",
"Recipe.step 18 Ar","V10251",Word,1,R/W,100,,,,,,,,,,"Ar flow setpoint, MFC-9,  step 18",
"Recipe.step 18 CH4","V10245",Word,1,R/W,100,,,,,,,,,,"CH4 flow setpoint, MFC-4,   step 18",
"Recipe.step 18 H2","V10246",Word,1,R/W,100,,,,,,,,,,"H2 flow setpoint, MFC-5 & MFC-6,  step 18",
"Recipe.step 18 H2S","V10250",Word,1,R/W,100,,,,,,,,,,"H2S flow setpoint, MFC-8,  step 18",
"Recipe.step 18 Ht time","V11111",Word,1,R/W,100,,,,,,,,,,"Heater timer step 18",
"Recipe.step 18 Left","V11110",Word,1,R/W,100,,,,,,,,,,"Left heater temperature step 18",
"Recipe.step 18 N2","V10244",Word,1,R/W,100,,,,,,,,,,"N2 flow setpoint, MFC-2 step 18",
"Recipe.step 18 NH3","V10247",Word,1,R/W,100,,,,,,,,,,"NH3 flow setpoin, MFC-7, t step 18",
"Recipe.step 18 O2","V10243",Word,1,R/W,100,,,,,,,,,,"O2 flow setpoint, MFC-1  step 18",
"Recipe.step 18 Press","V10242",Word,1,R/W,100,,,,,,,,,,"Furnace pressure setpoint step 18",
"Recipe.step 18 Right","V11112",Word,1,R/W,100,,,,,,,,,,"Right heater temperature step 18",
"Recipe.step 18 Time","V10252",Word,1,R/W,100,,,,,,,,,,"Process time step 18",
"Recipe.step 18 Zn 0","V11113",Word,1,R/W,100,,,,,,,,,,"Zone 0 temperature step 18",
"Recipe.step 19 Ar","V10262",Word,1,R/W,100,,,,,,,,,,"Ar flow setpoint, MFC-9,  step 19",
"Recipe.step 19 CH4","V10256",Word,1,R/W,100,,,,,,,,,,"CH4 flow setpoint, MFC-4,   step 19",
"Recipe.step 19 H2","V10257",Word,1,R/W,100,,,,,,,,,,"H2 flow setpoint, MFC-5 & MFC-6,  step 19",
"Recipe.step 19 H2S","V10261",Word,1,R/W,100,,,,,,,,,,"H2S flow setpoint, MFC-8,  step 19",
"Recipe.step 19 Ht time","V11115",Word,1,R/W,100,,,,,,,,,,"Heater timer step 19",
"Recipe.step 19 Left","V11114",Word,1,R/W,100,,,,,,,,,,"Left heater temperature step 19",
"Recipe.step 19 N2","V10255",Word,1,R/W,100,,,,,,,,,,"N2 flow setpoint, MFC-2 step 19",
"Recipe.step 19 NH3","V10260",Word,1,R/W,100,,,,,,,,,,"NH3 flow setpoin, MFC-7, t step 19",
"Recipe.step 19 O2","V10254",Word,1,R/W,100,,,,,,,,,,"O2 flow setpoint, MFC-1  step 19",
"Recipe.step 19 Press","V10253",Word,1,R/W,100,,,,,,,,,,"Furnace pressure setpoint step 19",
"Recipe.step 19 Right","V11116",Word,1,R/W,100,,,,,,,,,,"Right heater temperature step 19",
"Recipe.step 19 Time","V10263",Word,1,R/W,100,,,,,,,,,,"Process time step 19",
"Recipe.step 19 Zn 0","V11117",Word,1,R/W,100,,,,,,,,,,"Zone 0 temperature step 19",
"Recipe.step 2 Ar","V10031",Word,1,R/W,100,,,,,,,,,,"Ar flow setpoint, MFC-9,  step 2",
"Recipe.step 2 Center","V11011",Word,1,R/W,100,,,,,,,,,,"Center heater temperature step 2",
"Recipe.step 2 CH4","V10025",Word,1,R/W,100,,,,,,,,,,"CH4 flow setpoint, MFC-4,   step 2",
"Recipe.step 2 H2","V10026",Word,1,R/W,100,,,,,,,,,,"H2 flow setpoint, MFC-5 & MFC-6,  step 2",
"Recipe.step 2 H2S","V10030",Word,1,R/W,100,,,,,,,,,,"H2S flow setpoint, MFC-8,  step 2",
"Recipe.step 2 Ht time","V11013",Word,1,R/W,100,,,,,,,,,,"Heater timer step 2",
"Recipe.step 2 Left","V11010",Word,1,R/W,100,,,,,,,,,,"Left heater temperature step 2",
"Recipe.step 2 N2","V10024",Word,1,R/W,100,,,,,,,,,,"N2 flow setpoint, MFC-2 step 2",
"Recipe.step 2 NH3","V10027",Word,1,R/W,100,,,,,,,,,,"NH3 flow setpoin, MFC-7, t step 2",
"Recipe.step 2 O2","V10023",Word,1,R/W,100,,,,,,,,,,"O2 flow setpoint, MFC-1  step 2",
"Recipe.step 2 Press","V10022",Word,1,R/W,100,,,,,,,,,,"Furnace pressure setpoint step 2",
"Recipe.step 2 Right","V11012",Word,1,R/W,100,,,,,,,,,,"Right heater temperature step 2",
"Recipe.step 2 Time","V10032",Word,1,R/W,100,,,,,,,,,,"Process time step 2",
"Recipe.step 20 Ar","V10273",Word,1,R/W,100,,,,,,,,,,"Ar flow setpoint, MFC-9,  step 20",
"Recipe.step 20 CH4","V10267",Word,1,R/W,100,,,,,,,,,,"CH4 flow setpoint, MFC-4,   step 20",
"Recipe.step 20 H2","V10270",Word,1,R/W,100,,,,,,,,,,"H2 flow setpoint, MFC-5 & MFC-6,  step 20",
"Recipe.step 20 H2S","V10272",Word,1,R/W,100,,,,,,,,,,"H2S flow setpoint, MFC-8,  step 20",
"Recipe.step 20 Ht time","V11121",Word,1,R/W,100,,,,,,,,,,"Heater timer step 20",
"Recipe.step 20 Left","V11120",Word,1,R/W,100,,,,,,,,,,"Left heater temperature step 20",
"Recipe.step 20 N2","V10266",Word,1,R/W,100,,,,,,,,,,"N2 flow setpoint, MFC-2 step 20",
"Recipe.step 20 NH3","V10271",Word,1,R/W,100,,,,,,,,,,"NH3 flow setpoin, MFC-7, t step 20",
"Recipe.step 20 O2","V10265",Word,1,R/W,100,,,,,,,,,,"O2 flow setpoint, MFC-1  step 20",
"Recipe.step 20 Press","V10264",Word,1,R/W,100,,,,,,,,,,"Furnace pressure setpoint step 20",
"Recipe.step 20 Right","V11122",Word,1,R/W,100,,,,,,,,,,"Right heater temperature step 20",
"Recipe.step 20 Time","V10274",Word,1,R/W,100,,,,,,,,,,"Process time step 20",
"Recipe.step 20 Zn 0","V11123",Word,1,R/W,100,,,,,,,,,,"Zone 0 temperature step 20",
"Recipe.step 21 Ar","V10304",Word,1,R/W,100,,,,,,,,,,"Ar flow setpoint, MFC-9,  step 21",
"Recipe.step 21 CH4","V10300",Word,1,R/W,100,,,,,,,,,,"CH4 flow setpoint, MFC-4,   step 21",
"Recipe.step 21 H2","V10301",Word,1,R/W,100,,,,,,,,,,"H2 flow setpoint, MFC-5 & MFC-6,  step 21",
"Recipe.step 21 H2S","V10303",Word,1,R/W,100,,,,,,,,,,"H2S flow setpoint, MFC-8,  step 21",
"Recipe.step 21 Ht time","V11125",Word,1,R/W,100,,,,,,,,,,"Heater timer step 21",
"Recipe.step 21 Left","V11124",Word,1,R/W,100,,,,,,,,,,"Left heater temperature step 21",
"Recipe.step 21 N2","V10277",Word,1,R/W,100,,,,,,,,,,"N2 flow setpoint, MFC-2 step 21",
"Recipe.step 21 NH3","V10302",Word,1,R/W,100,,,,,,,,,,"NH3 flow setpoin, MFC-7, t step 21",
"Recipe.step 21 O2","V10276",Word,1,R/W,100,,,,,,,,,,"O2 flow setpoint, MFC-1  step 21",
"Recipe.step 21 Press","V10275",Word,1,R/W,100,,,,,,,,,,"Furnace pressure setpoint step 21",
"Recipe.step 21 Right","V11126",Word,1,R/W,100,,,,,,,,,,"Right heater temperature step 21",
"Recipe.step 21 Time","V10305",Word,1,R/W,100,,,,,,,,,,"Process time step 21",
"Recipe.step 21 Zn 0","V11127",Word,1,R/W,100,,,,,,,,,,"Zone 0 temperature step 21",
"Recipe.step 22 Ar","V10315",Word,1,R/W,100,,,,,,,,,,"Ar flow setpoint, MFC-9,  step 22",
"Recipe.step 22 CH4","V10311",Word,1,R/W,100,,,,,,,,,,"CH4 flow setpoint, MFC-4,   step 22",
"Recipe.step 22 H2","V10312",Word,1,R/W,100,,,,,,,,,,"H2 flow setpoint, MFC-5 & MFC-6,  step 22",
"Recipe.step 22 H2S","V10314",Word,1,R/W,100,,,,,,,,,,"H2S flow setpoint, MFC-8,  step 22",
"Recipe.step 22 Ht time","V11131",Word,1,R/W,100,,,,,,,,,,"Heater timer step 22",
"Recipe.step 22 Left","V11130",Word,1,R/W,100,,,,,,,,,,"Left heater temperature step 22",
"Recipe.step 22 N2","V10310",Word,1,R/W,100,,,,,,,,,,"N2 flow setpoint, MFC-2 step 22",
"Recipe.step 22 NH3","V10313",Word,1,R/W,100,,,,,,,,,,"NH3 flow setpoin, MFC-7, t step 22",
"Recipe.step 22 O2","V10307",Word,1,R/W,100,,,,,,,,,,"O2 flow setpoint, MFC-1  step 22",
"Recipe.step 22 Press","V10306",Word,1,R/W,100,,,,,,,,,,"Furnace pressure setpoint step 22",
"Recipe.step 22 Right","V11132",Word,1,R/W,100,,,,,,,,,,"Right heater temperature step 22",
"Recipe.step 22 Time","V10316",Word,1,R/W,100,,,,,,,,,,"Process time step 22",
"Recipe.step 22 Zn 0","V11133",Word,1,R/W,100,,,,,,,,,,"Zone 0 temperature step 22",
"Recipe.step 23 Ar","V10326",Word,1,R/W,100,,,,,,,,,,"Ar flow setpoint, MFC-9,  step 23",
"Recipe.step 23 CH4","V10322",Word,1,R/W,100,,,,,,,,,,"CH4 flow setpoint, MFC-4,   step 23",
"Recipe.step 23 H2","V10323",Word,1,R/W,100,,,,,,,,,,"H2 flow setpoint, MFC-5 & MFC-6,  step 23",
"Recipe.step 23 H2S","V10325",Word,1,R/W,100,,,,,,,,,,"H2S flow setpoint, MFC-8,  step 23",
"Recipe.step 23 Ht time","V11135",Word,1,R/W,100,,,,,,,,,,"Heater timer step 23",
"Recipe.step 23 Left","V11134",Word,1,R/W,100,,,,,,,,,,"Left heater temperature step 23",
"Recipe.step 23 N2","V10321",Word,1,R/W,100,,,,,,,,,,"N2 flow setpoint, MFC-2 step 23",
"Recipe.step 23 NH3","V10324",Word,1,R/W,100,,,,,,,,,,"NH3 flow setpoin, MFC-7, t step 23",
"Recipe.step 23 O2","V10320",Word,1,R/W,100,,,,,,,,,,"O2 flow setpoint, MFC-1  step 23",
"Recipe.step 23 Press","V10317",Word,1,R/W,100,,,,,,,,,,"Furnace pressure setpoint step 23",
"Recipe.step 23 Right","V11136",Word,1,R/W,100,,,,,,,,,,"Right heater temperature step 23",
"Recipe.step 23 Time","V10327",Word,1,R/W,100,,,,,,,,,,"Process time step 23",
"Recipe.step 23 Zn 0","V11137",Word,1,R/W,100,,,,,,,,,,"Zone 0 temperature step 23",
"Recipe.step 24 Ar","V10337",Word,1,R/W,100,,,,,,,,,,"Ar flow setpoint, MFC-9,  step 24",
"Recipe.step 24 CH4","V10333",Word,1,R/W,100,,,,,,,,,,"CH4 flow setpoint, MFC-4,   step 24",
"Recipe.step 24 H2","V10334",Word,1,R/W,100,,,,,,,,,,"H2 flow setpoint, MFC-5 & MFC-6,  step 24",
"Recipe.step 24 H2S","V10336",Word,1,R/W,100,,,,,,,,,,"H2S flow setpoint, MFC-8,  step 24",
"Recipe.step 24 Ht time","V11141",Word,1,R/W,100,,,,,,,,,,"Heater timer step 24",
"Recipe.step 24 Left","V11140",Word,1,R/W,100,,,,,,,,,,"Left heater temperature step 24",
"Recipe.step 24 N2","V10332",Word,1,R/W,100,,,,,,,,,,"N2 flow setpoint, MFC-2 step 24",
"Recipe.step 24 NH3","V10335",Word,1,R/W,100,,,,,,,,,,"NH3 flow setpoin, MFC-7, t step 24",
"Recipe.step 24 O2","V10331",Word,1,R/W,100,,,,,,,,,,"O2 flow setpoint, MFC-1  step 24",
"Recipe.step 24 Press","V10330",Word,1,R/W,100,,,,,,,,,,"Furnace pressure setpoint step 24",
"Recipe.step 24 Right","V11142",Word,1,R/W,100,,,,,,,,,,"Right heater temperature step 24",
"Recipe.step 24 Time","V10340",Word,1,R/W,100,,,,,,,,,,"Process time step 24",
"Recipe.step 24 Zn 0","V11143",Word,1,R/W,100,,,,,,,,,,"Zone 0 temperature step 24",
"Recipe.step 25 Ar","V10350",Word,1,R/W,100,,,,,,,,,,"Ar flow setpoint, MFC-9,  step 25",
"Recipe.step 25 CH4","V10344",Word,1,R/W,100,,,,,,,,,,"CH4 flow setpoint, MFC-4,   step 25",
"Recipe.step 25 H2","V10345",Word,1,R/W,100,,,,,,,,,,"H2 flow setpoint, MFC-5 & MFC-6,  step 25",
"Recipe.step 25 H2S","V10347",Word,1,R/W,100,,,,,,,,,,"H2S flow setpoint, MFC-8,  step 25",
"Recipe.step 25 Ht time","V11145",Word,1,R/W,100,,,,,,,,,,"Heater timer step 25",
"Recipe.step 25 Left","V11144",Word,1,R/W,100,,,,,,,,,,"Left heater temperature step 25",
"Recipe.step 25 N2","V10343",Word,1,R/W,100,,,,,,,,,,"N2 flow setpoint, MFC-2 step 25",
"Recipe.step 25 NH3","V10346",Word,1,R/W,100,,,,,,,,,,"NH3 flow setpoin, MFC-7, t step 25",
"Recipe.step 25 O2","V10342",Word,1,R/W,100,,,,,,,,,,"O2 flow setpoint, MFC-1  step 25",
"Recipe.step 25 Press","V10341",Word,1,R/W,100,,,,,,,,,,"Furnace pressure setpoint step 25",
"Recipe.step 25 Right","V11146",Word,1,R/W,100,,,,,,,,,,"Right heater temperature step 25",
"Recipe.step 25 Time","V10351",Word,1,R/W,100,,,,,,,,,,"Process time step 25",
"Recipe.step 25 Zn 0","V11147",Word,1,R/W,100,,,,,,,,,,"Zone 0 temperature step 25",
"Recipe.step 26 Ar","V10361",Word,1,R/W,100,,,,,,,,,,"Ar flow setpoint, MFC-9,  step 26",
"Recipe.step 26 CH4","V10355",Word,1,R/W,100,,,,,,,,,,"CH4 flow setpoint, MFC-4,   step 26",
"Recipe.step 26 H2","V10356",Word,1,R/W,100,,,,,,,,,,"H2 flow setpoint, MFC-5 & MFC-6,  step 26",
"Recipe.step 26 H2S","V10360",Word,1,R/W,100,,,,,,,,,,"H2S flow setpoint, MFC-8,  step 26",
"Recipe.step 26 Ht time","V11151",Word,1,R/W,100,,,,,,,,,,"Heater timer step 26",
"Recipe.step 26 Left","V11150",Word,1,R/W,100,,,,,,,,,,"Left heater temperature step 26",
"Recipe.step 26 N2","V10354",Word,1,R/W,100,,,,,,,,,,"N2 flow setpoint, MFC-2 step 26",
"Recipe.step 26 NH3","V10357",Word,1,R/W,100,,,,,,,,,,"NH3 flow setpoin, MFC-7, t step 26",
"Recipe.step 26 O2","V10353",Word,1,R/W,100,,,,,,,,,,"O2 flow setpoint, MFC-1  step 26",
"Recipe.step 26 Press","V10352",Word,1,R/W,100,,,,,,,,,,"Furnace pressure setpoint step 26",
"Recipe.step 26 Right","V11152",Word,1,R/W,100,,,,,,,,,,"Right heater temperature step 26",
"Recipe.step 26 Time","V10362",Word,1,R/W,100,,,,,,,,,,"Process time step 26",
"Recipe.step 26 Zn 0","V11153",Word,1,R/W,100,,,,,,,,,,"Zone 0 temperature step 26",
"Recipe.step 27 Ar","V10372",Word,1,R/W,100,,,,,,,,,,"Ar flow setpoint, MFC-9,  step 27",
"Recipe.step 27 CH4","V10366",Word,1,R/W,100,,,,,,,,,,"CH4 flow setpoint, MFC-4,   step 27",
"Recipe.step 27 H2","V10367",Word,1,R/W,100,,,,,,,,,,"H2 flow setpoint, MFC-5 & MFC-6,  step 27",
"Recipe.step 27 H2S","V10371",Word,1,R/W,100,,,,,,,,,,"H2S flow setpoint, MFC-8,  step 27",
"Recipe.step 27 Ht time","V11155",Word,1,R/W,100,,,,,,,,,,"Heater timer step 27",
"Recipe.step 27 Left","V11154",Word,1,R/W,100,,,,,,,,,,"Left heater temperature step 27",
"Recipe.step 27 N2","V10365",Word,1,R/W,100,,,,,,,,,,"N2 flow setpoint, MFC-2 step 27",
"Recipe.step 27 NH3","V10370",Word,1,R/W,100,,,,,,,,,,"NH3 flow setpoin, MFC-7, t step 27",
"Recipe.step 27 O2","V10364",Word,1,R/W,100,,,,,,,,,,"O2 flow setpoint, MFC-1  step 27",
"Recipe.step 27 Press","V10363",Word,1,R/W,100,,,,,,,,,,"Furnace pressure setpoint step 27",
"Recipe.step 27 Right","V11156",Word,1,R/W,100,,,,,,,,,,"Right heater temperature step 27",
"Recipe.step 27 Time","V10373",Word,1,R/W,100,,,,,,,,,,"Process time step 27",
"Recipe.step 27 Zn 0","V11157",Word,1,R/W,100,,,,,,,,,,"Zone 0 temperature step 27",
"Recipe.step 28 Ar","V10403",Word,1,R/W,100,,,,,,,,,,"Ar flow setpoint, MFC-9,  step 28",
"Recipe.step 28 CH4","V10377",Word,1,R/W,100,,,,,,,,,,"CH4 flow setpoint, MFC-4,   step 28",
"Recipe.step 28 H2","V10400",Word,1,R/W,100,,,,,,,,,,"H2 flow setpoint, MFC-5 & MFC-6,  step 28",
"Recipe.step 28 H2S","V10402",Word,1,R/W,100,,,,,,,,,,"H2S flow setpoint, MFC-8,  step 28",
"Recipe.step 28 Ht time","V11161",Word,1,R/W,100,,,,,,,,,,"Heater timer step 28",
"Recipe.step 28 Left","V11160",Word,1,R/W,100,,,,,,,,,,"Left heater temperature step 28",
"Recipe.step 28 N2","V10376",Word,1,R/W,100,,,,,,,,,,"N2 flow setpoint, MFC-2 step 28",
"Recipe.step 28 NH3","V10401",Word,1,R/W,100,,,,,,,,,,"NH3 flow setpoin, MFC-7, t step 28",
"Recipe.step 28 O2","V10375",Word,1,R/W,100,,,,,,,,,,"O2 flow setpoint, MFC-1  step 28",
"Recipe.step 28 Press","V10374",Word,1,R/W,100,,,,,,,,,,"Furnace pressure setpoint step 28",
"Recipe.step 28 Right","V11162",Word,1,R/W,100,,,,,,,,,,"Right heater temperature step 28",
"Recipe.step 28 Time","V10404",Word,1,R/W,100,,,,,,,,,,"Process time step 28",
"Recipe.step 28 Zn 0","V11163",Word,1,R/W,100,,,,,,,,,,"Zone 0 temperature step 28",
"Recipe.step 29 Ar","V10414",Word,1,R/W,100,,,,,,,,,,"Ar flow setpoint, MFC-9,  step 29",
"Recipe.step 29 Center","V11165",Word,1,R/W,100,,,,,,,,,,"Center heater temperature step 29",
"Recipe.step 29 CH4","V10410",Word,1,R/W,100,,,,,,,,,,"CH4 flow setpoint, MFC-4,   step 29",
"Recipe.step 29 H2","V10411",Word,1,R/W,100,,,,,,,,,,"H2 flow setpoint, MFC-5 & MFC-6,  step 29",
"Recipe.step 29 H2S","V10413",Word,1,R/W,100,,,,,,,,,,"H2S flow setpoint, MFC-8,  step 29",
"Recipe.step 29 Ht time","V11167",Word,1,R/W,100,,,,,,,,,,"Heater timer step 29",
"Recipe.step 29 Left","V11164",Word,1,R/W,100,,,,,,,,,,"Left heater temperature step 29",
"Recipe.step 29 N2","V10407",Word,1,R/W,100,,,,,,,,,,"N2 flow setpoint, MFC-2 step 29",
"Recipe.step 29 NH3","V10412",Word,1,R/W,100,,,,,,,,,,"NH3 flow setpoin, MFC-7, t step 29",
"Recipe.step 29 O2","V10406",Word,1,R/W,100,,,,,,,,,,"O2 flow setpoint, MFC-1  step 29",
"Recipe.step 29 Press","V10405",Word,1,R/W,100,,,,,,,,,,"Furnace pressure setpoint step 29",
"Recipe.step 29 Right","V11166",Word,1,R/W,100,,,,,,,,,,"Right heater temperature step 29",
"Recipe.step 29 Time","V10415",Word,1,R/W,100,,,,,,,,,,"Process time step 29",
"Recipe.step 3 Ar","V10042",Word,1,R/W,100,,,,,,,,,,"Ar flow setpoint, MFC-9,  step 3",
"Recipe.step 3 Center","V11015",Word,1,R/W,100,,,,,,,,,,"Center heater temperature step 3",
"Recipe.step 3 CH4","V10036",Word,1,R/W,100,,,,,,,,,,"CH4 flow setpoint, MFC-4,   step 3",
"Recipe.step 3 H2","V10037",Word,1,R/W,100,,,,,,,,,,"H2 flow setpoint, MFC-5 & MFC-6,  step 3",
"Recipe.step 3 H2S","V10041",Word,1,R/W,100,,,,,,,,,,"H2S flow setpoint, MFC-8,  step 3",
"Recipe.step 3 Ht time","V11017",Word,1,R/W,100,,,,,,,,,,"Heater timer step 3",
"Recipe.step 3 Left","V11014",Word,1,R/W,100,,,,,,,,,,"Left heater temperature step 3",
"Recipe.step 3 N2","V10035",Word,1,R/W,100,,,,,,,,,,"N2 flow setpoint, MFC-2 step 3",
"Recipe.step 3 NH3","V10040",Word,1,R/W,100,,,,,,,,,,"NH3 flow setpoin, MFC-7, t step 3",
"Recipe.step 3 O2","V10034",Word,1,R/W,100,,,,,,,,,,"O2 flow setpoint, MFC-1  step 3",
"Recipe.step 3 Press","V10033",Word,1,R/W,100,,,,,,,,,,"Furnace pressure setpoint step 3",
"Recipe.step 3 Right","V11016",Word,1,R/W,100,,,,,,,,,,"Right heater temperature step 3",
"Recipe.step 3 Time","V10043",Word,1,R/W,100,,,,,,,,,,"Process time step 3",
"Recipe.step 30 Ar","V10425",Word,1,R/W,100,,,,,,,,,,"Ar flow setpoint, MFC-9,  step 30",
"Recipe.step 30 Center","V11171",Word,1,R/W,100,,,,,,,,,,"Center heater temperature step 30",
"Recipe.step 30 CH4","V10421",Word,1,R/W,100,,,,,,,,,,"CH4 flow setpoint, MFC-4,   step 30",
"Recipe.step 30 H2","V10422",Word,1,R/W,100,,,,,,,,,,"H2 flow setpoint, MFC-5 & MFC-6,  step 30",
"Recipe.step 30 H2S","V10424",Word,1,R/W,100,,,,,,,,,,"H2S flow setpoint, MFC-8,  step 30",
"Recipe.step 30 Ht time","V11173",Word,1,R/W,100,,,,,,,,,,"Heater timer step 30",
"Recipe.step 30 Left","V11170",Word,1,R/W,100,,,,,,,,,,"Left heater temperature step 30",
"Recipe.step 30 N2","V10420",Word,1,R/W,100,,,,,,,,,,"N2 flow setpoint, MFC-2 step 30",
"Recipe.step 30 NH3","V10423",Word,1,R/W,100,,,,,,,,,,"NH3 flow setpoin, MFC-7, t step 30",
"Recipe.step 30 O2","V10417",Word,1,R/W,100,,,,,,,,,,"O2 flow setpoint, MFC-1  step 30",
"Recipe.step 30 Press","V10416",Word,1,R/W,100,,,,,,,,,,"Furnace pressure setpoint step 30",
"Recipe.step 30 Right","V11172",Word,1,R/W,100,,,,,,,,,,"Right heater temperature step 30",
"Recipe.step 30 Time","V10426",Word,1,R/W,100,,,,,,,,,,"Process time step 30",
"Recipe.step 31 Ar","V10436",Word,1,R/W,100,,,,,,,,,,"Ar flow setpoint, MFC-9,  step 31",
"Recipe.step 31 Center","V11175",Word,1,R/W,100,,,,,,,,,,"Center heater temperature step 31",
"Recipe.step 31 CH4","V10432",Word,1,R/W,100,,,,,,,,,,"CH4 flow setpoint, MFC-4,   step 31",
"Recipe.step 31 H2","V10433",Word,1,R/W,100,,,,,,,,,,"H2 flow setpoint, MFC-5 & MFC-6,  step 31",
"Recipe.step 31 H2S","V10435",Word,1,R/W,100,,,,,,,,,,"H2S flow setpoint, MFC-8,  step 31",
"Recipe.step 31 Ht time","V11177",Word,1,R/W,100,,,,,,,,,,"Heater timer step 31",
"Recipe.step 31 Left","V11174",Word,1,R/W,100,,,,,,,,,,"Left heater temperature step 31",
"Recipe.step 31 N2","V10431",Word,1,R/W,100,,,,,,,,,,"N2 flow setpoint, MFC-2 step 31",
"Recipe.step 31 NH3","V10434",Word,1,R/W,100,,,,,,,,,,"NH3 flow setpoin, MFC-7, t step 31",
"Recipe.step 31 O2","V10430",Word,1,R/W,100,,,,,,,,,,"O2 flow setpoint, MFC-1  step 31",
"Recipe.step 31 Press","V10427",Word,1,R/W,100,,,,,,,,,,"Furnace pressure setpoint step 31",
"Recipe.step 31 Right","V11176",Word,1,R/W,100,,,,,,,,,,"Right heater temperature step 31",
"Recipe.step 31 Time","V10437",Word,1,R/W,100,,,,,,,,,,"Process time step 31",
"Recipe.step 32 Ar","V10447",Word,1,R/W,100,,,,,,,,,,"Ar flow setpoint, MFC-9,  step 32",
"Recipe.step 32 Center","V11201",Word,1,R/W,100,,,,,,,,,,"Center heater temperature step 32",
"Recipe.step 32 CH4","V10443",Word,1,R/W,100,,,,,,,,,,"CH4 flow setpoint, MFC-4,   step 32",
"Recipe.step 32 H2","V10444",Word,1,R/W,100,,,,,,,,,,"H2 flow setpoint, MFC-5 & MFC-6,  step 32",
"Recipe.step 32 H2S","V10446",Word,1,R/W,100,,,,,,,,,,"H2S flow setpoint, MFC-8,  step 32",
"Recipe.step 32 Ht time","V11203",Word,1,R/W,100,,,,,,,,,,"Heater timer step 32",
"Recipe.step 32 Left","V11200",Word,1,R/W,100,,,,,,,,,,"Left heater temperature step 32",
"Recipe.step 32 N2","V10442",Word,1,R/W,100,,,,,,,,,,"N2 flow setpoint, MFC-2 step 32",
"Recipe.step 32 NH3","V10445",Word,1,R/W,100,,,,,,,,,,"NH3 flow setpoin, MFC-7, t step 32",
"Recipe.step 32 O2","V10441",Word,1,R/W,100,,,,,,,,,,"O2 flow setpoint, MFC-1  step 32",
"Recipe.step 32 Press","V10440",Word,1,R/W,100,,,,,,,,,,"Furnace pressure setpoint step 32",
"Recipe.step 32 Right","V11202",Word,1,R/W,100,,,,,,,,,,"Right heater temperature step 32",
"Recipe.step 32 Time","V10450",Word,1,R/W,100,,,,,,,,,,"Process time step 32",
"Recipe.step 33 Ar","V10460",Word,1,R/W,100,,,,,,,,,,"Ar flow setpoint, MFC-9,  step 33",
"Recipe.step 33 Center","V11205",Word,1,R/W,100,,,,,,,,,,"Center heater temperature step 33",
"Recipe.step 33 CH4","V10454",Word,1,R/W,100,,,,,,,,,,"CH4 flow setpoint, MFC-4,   step 33",
"Recipe.step 33 H2","V10455",Word,1,R/W,100,,,,,,,,,,"H2 flow setpoint, MFC-5 & MFC-6,  step 33",
"Recipe.step 33 H2S","V10457",Word,1,R/W,100,,,,,,,,,,"H2S flow setpoint, MFC-8,  step 33",
"Recipe.step 33 Ht time","V11207",Word,1,R/W,100,,,,,,,,,,"Heater timer step 33",
"Recipe.step 33 Left","V11204",Word,1,R/W,100,,,,,,,,,,"Left heater temperature step 33",
"Recipe.step 33 N2","V10453",Word,1,R/W,100,,,,,,,,,,"N2 flow setpoint, MFC-2 step 33",
"Recipe.step 33 NH3","V10456",Word,1,R/W,100,,,,,,,,,,"NH3 flow setpoin, MFC-7, t step 33",
"Recipe.step 33 O2","V10452",Word,1,R/W,100,,,,,,,,,,"O2 flow setpoint, MFC-1  step 33",
"Recipe.step 33 Press","V10451",Word,1,R/W,100,,,,,,,,,,"Furnace pressure setpoint step 33",
"Recipe.step 33 Right","V11206",Word,1,R/W,100,,,,,,,,,,"Right heater temperature step 33",
"Recipe.step 33 Time","V10461",Word,1,R/W,100,,,,,,,,,,"Process time step 33",
"Recipe.step 34 Ar","V10471",Word,1,R/W,100,,,,,,,,,,"Ar flow setpoint, MFC-9,  step 34",
"Recipe.step 34 Center","V11211",Word,1,R/W,100,,,,,,,,,,"Center heater temperature step 34",
"Recipe.step 34 CH4","V10465",Word,1,R/W,100,,,,,,,,,,"CH4 flow setpoint, MFC-4,   step 34",
"Recipe.step 34 H2","V10466",Word,1,R/W,100,,,,,,,,,,"H2 flow setpoint, MFC-5 & MFC-6,  step 34",
"Recipe.step 34 H2S","V10470",Word,1,R/W,100,,,,,,,,,,"H2S flow setpoint, MFC-8,  step 34",
"Recipe.step 34 Ht time","V11213",Word,1,R/W,100,,,,,,,,,,"Heater timer step 34",
"Recipe.step 34 Left","V11210",Word,1,R/W,100,,,,,,,,,,"Left heater temperature step 34",
"Recipe.step 34 N2","V10464",Word,1,R/W,100,,,,,,,,,,"N2 flow setpoint, MFC-2 step 34",
"Recipe.step 34 NH3","V10467",Word,1,R/W,100,,,,,,,,,,"NH3 flow setpoin, MFC-7, t step 34",
"Recipe.step 34 O2","V10463",Word,1,R/W,100,,,,,,,,,,"O2 flow setpoint, MFC-1  step 34",
"Recipe.step 34 Press","V10462",Word,1,R/W,100,,,,,,,,,,"Furnace pressure setpoint step 34",
"Recipe.step 34 Right","V11212",Word,1,R/W,100,,,,,,,,,,"Right heater temperature step 34",
"Recipe.step 34 Time","V10472",Word,1,R/W,100,,,,,,,,,,"Process time step 34",
"Recipe.step 35 Ar","V10502",Word,1,R/W,100,,,,,,,,,,"Ar flow setpoint, MFC-9,  step 35",
"Recipe.step 35 Center","V11215",Word,1,R/W,100,,,,,,,,,,"Center heater temperature step 35",
"Recipe.step 35 CH4","V10476",Word,1,R/W,100,,,,,,,,,,"CH4 flow setpoint, MFC-4,   step 35",
"Recipe.step 35 H2","V10477",Word,1,R/W,100,,,,,,,,,,"H2 flow setpoint, MFC-5 & MFC-6,  step 35",
"Recipe.step 35 H2S","V10501",Word,1,R/W,100,,,,,,,,,,"H2S flow setpoint, MFC-8,  step 35",
"Recipe.step 35 Ht time","V11217",Word,1,R/W,100,,,,,,,,,,"Heater timer step 35",
"Recipe.step 35 Left","V11214",Word,1,R/W,100,,,,,,,,,,"Left heater temperature step 35",
"Recipe.step 35 N2","V10475",Word,1,R/W,100,,,,,,,,,,"N2 flow setpoint, MFC-2 step 35",
"Recipe.step 35 NH3","V10500",Word,1,R/W,100,,,,,,,,,,"NH3 flow setpoin, MFC-7, t step 35",
"Recipe.step 35 O2","V10474",Word,1,R/W,100,,,,,,,,,,"O2 flow setpoint, MFC-1  step 35",
"Recipe.step 35 Press","V10473",Word,1,R/W,100,,,,,,,,,,"Furnace pressure setpoint step 35",
"Recipe.step 35 Right","V11216",Word,1,R/W,100,,,,,,,,,,"Right heater temperature step 35",
"Recipe.step 35 Time","V10503",Word,1,R/W,100,,,,,,,,,,"Process time step 35",
"Recipe.step 36 Ar","V10513",Word,1,R/W,100,,,,,,,,,,"Ar flow setpoint, MFC-9,  step 36",
"Recipe.step 36 Center","V11221",Word,1,R/W,100,,,,,,,,,,"Center heater temperature step 36",
"Recipe.step 36 CH4","V10507",Word,1,R/W,100,,,,,,,,,,"CH4 flow setpoint, MFC-4,   step 36",
"Recipe.step 36 H2","V10510",Word,1,R/W,100,,,,,,,,,,"H2 flow setpoint, MFC-5 & MFC-6,  step 36",
"Recipe.step 36 H2S","V10512",Word,1,R/W,100,,,,,,,,,,"H2S flow setpoint, MFC-8,  step 36",
"Recipe.step 36 Ht time","V11223",Word,1,R/W,100,,,,,,,,,,"Heater timer step 36",
"Recipe.step 36 Left","V11220",Word,1,R/W,100,,,,,,,,,,"Left heater temperature step 36",
"Recipe.step 36 N2","V10506",Word,1,R/W,100,,,,,,,,,,"N2 flow setpoint, MFC-2 step 36",
"Recipe.step 36 NH3","V10511",Word,1,R/W,100,,,,,,,,,,"NH3 flow setpoin, MFC-7, t step 36",
"Recipe.step 36 O2","V10505",Word,1,R/W,100,,,,,,,,,,"O2 flow setpoint, MFC-1  step 36",
"Recipe.step 36 Press","V10504",Word,1,R/W,100,,,,,,,,,,"Furnace pressure setpoint step 36",
"Recipe.step 36 Right","V11222",Word,1,R/W,100,,,,,,,,,,"Right heater temperature step 36",
"Recipe.step 36 Time","V10514",Word,1,R/W,100,,,,,,,,,,"Process time step 36",
"Recipe.step 37 Ar","V10524",Word,1,R/W,100,,,,,,,,,,"Ar flow setpoint, MFC-9,  step 37",
"Recipe.step 37 Center","V11225",Word,1,R/W,100,,,,,,,,,,"Center heater temperature step 37",
"Recipe.step 37 CH4","V10520",Word,1,R/W,100,,,,,,,,,,"CH4 flow setpoint, MFC-4,   step 37",
"Recipe.step 37 H2","V10521",Word,1,R/W,100,,,,,,,,,,"H2 flow setpoint, MFC-5 & MFC-6,  step 37",
"Recipe.step 37 H2S","V10523",Word,1,R/W,100,,,,,,,,,,"H2S flow setpoint, MFC-8,  step 37",
"Recipe.step 37 Ht time","V11227",Word,1,R/W,100,,,,,,,,,,"Heater timer step 37",
"Recipe.step 37 Left","V11224",Word,1,R/W,100,,,,,,,,,,"Left heater temperature step 37",
"Recipe.step 37 N2","V10517",Word,1,R/W,100,,,,,,,,,,"N2 flow setpoint, MFC-2 step 37",
"Recipe.step 37 NH3","V10522",Word,1,R/W,100,,,,,,,,,,"NH3 flow setpoin, MFC-7, t step 37",
"Recipe.step 37 O2","V10516",Word,1,R/W,100,,,,,,,,,,"O2 flow setpoint, MFC-1  step 37",
"Recipe.step 37 Press","V10515",Word,1,R/W,100,,,,,,,,,,"Furnace pressure setpoint step 37",
"Recipe.step 37 Right","V11226",Word,1,R/W,100,,,,,,,,,,"Right heater temperature step 37",
"Recipe.step 37 Time","V10525",Word,1,R/W,100,,,,,,,,,,"Process time step 37",
"Recipe.step 38 Ar","V10535",Word,1,R/W,100,,,,,,,,,,"Ar flow setpoint, MFC-9,  step 38",
"Recipe.step 38 Center","V11231",Word,1,R/W,100,,,,,,,,,,"Center heater temperature step 38",
"Recipe.step 38 CH4","V10531",Word,1,R/W,100,,,,,,,,,,"CH4 flow setpoint, MFC-4,   step 38",
"Recipe.step 38 H2","V10532",Word,1,R/W,100,,,,,,,,,,"H2 flow setpoint, MFC-5 & MFC-6,  step 38",
"Recipe.step 38 H2S","V10534",Word,1,R/W,100,,,,,,,,,,"H2S flow setpoint, MFC-8,  step 38",
"Recipe.step 38 Ht time","V11233",Word,1,R/W,100,,,,,,,,,,"Heater timer step 38",
"Recipe.step 38 Left","V11230",Word,1,R/W,100,,,,,,,,,,"Left heater temperature step 38",
"Recipe.step 38 N2","V10530",Word,1,R/W,100,,,,,,,,,,"N2 flow setpoint, MFC-2 step 38",
"Recipe.step 38 NH3","V10533",Word,1,R/W,100,,,,,,,,,,"NH3 flow setpoin, MFC-7, t step 38",
"Recipe.step 38 O2","V10527",Word,1,R/W,100,,,,,,,,,,"O2 flow setpoint, MFC-1  step 38",
"Recipe.step 38 Press","V10526",Word,1,R/W,100,,,,,,,,,,"Furnace pressure setpoint step 38",
"Recipe.step 38 Right","V11232",Word,1,R/W,100,,,,,,,,,,"Right heater temperature step 38",
"Recipe.step 38 Time","V10536",Word,1,R/W,100,,,,,,,,,,"Process time step 38",
"Recipe.step 39 Ar","V10546",Word,1,R/W,100,,,,,,,,,,"Ar flow setpoint, MFC-9,  step 39",
"Recipe.step 39 Center","V11235",Word,1,R/W,100,,,,,,,,,,"Center heater temperature step 39",
"Recipe.step 39 CH4","V10542",Word,1,R/W,100,,,,,,,,,,"CH4 flow setpoint, MFC-4,   step 39",
"Recipe.step 39 H2","V10543",Word,1,R/W,100,,,,,,,,,,"H2 flow setpoint, MFC-5 & MFC-6,  step 39",
"Recipe.step 39 H2S","V10545",Word,1,R/W,100,,,,,,,,,,"H2S flow setpoint, MFC-8,  step 39",
"Recipe.step 39 Ht time","V11237",Word,1,R/W,100,,,,,,,,,,"Heater timer step 39",
"Recipe.step 39 Left","V11234",Word,1,R/W,100,,,,,,,,,,"Left heater temperature step 39",
"Recipe.step 39 N2","V10541",Word,1,R/W,100,,,,,,,,,,"N2 flow setpoint, MFC-2 step 39",
"Recipe.step 39 NH3","V10544",Word,1,R/W,100,,,,,,,,,,"NH3 flow setpoin, MFC-7, t step 39",
"Recipe.step 39 O2","V10540",Word,1,R/W,100,,,,,,,,,,"O2 flow setpoint, MFC-1  step 39",
"Recipe.step 39 Press","V10537",Word,1,R/W,100,,,,,,,,,,"Furnace pressure setpoint step 39",
"Recipe.step 39 Right","V11236",Word,1,R/W,100,,,,,,,,,,"Right heater temperature step 39",
"Recipe.step 39 Time","V10547",Word,1,R/W,100,,,,,,,,,,"Process time step 39",
"Recipe.step 4 Ar","V10053",Word,1,R/W,100,,,,,,,,,,"Ar flow setpoint, MFC-9,  step 4",
"Recipe.step 4 Center","V11021",Word,1,R/W,100,,,,,,,,,,"Center heater temperature step 4",
"Recipe.step 4 CH4","V10047",Word,1,R/W,100,,,,,,,,,,"CH4 flow setpoint, MFC-4,   step 4",
"Recipe.step 4 H2","V10050",Word,1,R/W,100,,,,,,,,,,"H2 flow setpoint, MFC-5 & MFC-6,  step 4",
"Recipe.step 4 H2S","V10052",Word,1,R/W,100,,,,,,,,,,"H2S flow setpoint, MFC-8,  step 4",
"Recipe.step 4 Ht time","V11023",Word,1,R/W,100,,,,,,,,,,"Heater timer step 4",
"Recipe.step 4 Left","V11020",Word,1,R/W,100,,,,,,,,,,"Left heater temperature step 4",
"Recipe.step 4 N2","V10046",Word,1,R/W,100,,,,,,,,,,"N2 flow setpoint, MFC-2 step 4",
"Recipe.step 4 NH3","V10051",Word,1,R/W,100,,,,,,,,,,"NH3 flow setpoin, MFC-7, t step 4",
"Recipe.step 4 O2","V10045",Word,1,R/W,100,,,,,,,,,,"O2 flow setpoint, MFC-1  step 4",
"Recipe.step 4 Press","V10044",Word,1,R/W,100,,,,,,,,,,"Furnace pressure setpoint step 4",
"Recipe.step 4 Right","V11022",Word,1,R/W,100,,,,,,,,,,"Right heater temperature step 4",
"Recipe.step 4 Time","V10054",Word,1,R/W,100,,,,,,,,,,"Process time step 4",
"Recipe.step 40 Ar","V10557",Word,1,R/W,100,,,,,,,,,,"Ar flow setpoint, MFC-9,  step 40",
"Recipe.step 40 Center","V11241",Word,1,R/W,100,,,,,,,,,,"Center heater temperature step 40",
"Recipe.step 40 CH4","V10553",Word,1,R/W,100,,,,,,,,,,"CH4 flow setpoint, MFC-4,   step 40",
"Recipe.step 40 H2","V10554",Word,1,R/W,100,,,,,,,,,,"H2 flow setpoint, MFC-5 & MFC-6,  step 40",
"Recipe.step 40 H2S","V10556",Word,1,R/W,100,,,,,,,,,,"H2S flow setpoint, MFC-8,  step 40",
"Recipe.step 40 Ht time","V11243",Word,1,R/W,100,,,,,,,,,,"Heater timer step 40",
"Recipe.step 40 Left","V11240",Word,1,R/W,100,,,,,,,,,,"Left heater temperature step 40",
"Recipe.step 40 N2","V10552",Word,1,R/W,100,,,,,,,,,,"N2 flow setpoint, MFC-2 step 40",
"Recipe.step 40 NH3","V10555",Word,1,R/W,100,,,,,,,,,,"NH3 flow setpoin, MFC-7, t step 40",
"Recipe.step 40 O2","V10551",Word,1,R/W,100,,,,,,,,,,"O2 flow setpoint, MFC-1  step 40",
"Recipe.step 40 Press","V10550",Word,1,R/W,100,,,,,,,,,,"Furnace pressure setpoint step 40",
"Recipe.step 40 Right","V11242",Word,1,R/W,100,,,,,,,,,,"Right heater temperature step 40",
"Recipe.step 40 Time","V10560",Word,1,R/W,100,,,,,,,,,,"Process time step 40",
"Recipe.step 41 Ar","V10570",Word,1,R/W,100,,,,,,,,,,"Ar flow setpoint, MFC-9,  step 41",
"Recipe.step 41 Center","V11245",Word,1,R/W,100,,,,,,,,,,"Center heater temperature step 41",
"Recipe.step 41 CH4","V10564",Word,1,R/W,100,,,,,,,,,,"CH4 flow setpoint, MFC-4,   step 41",
"Recipe.step 41 H2","V10565",Word,1,R/W,100,,,,,,,,,,"H2 flow setpoint, MFC-5 & MFC-6,  step 41",
"Recipe.step 41 H2S","V10567",Word,1,R/W,100,,,,,,,,,,"H2S flow setpoint, MFC-8,  step 41",
"Recipe.step 41 Ht time","V11247",Word,1,R/W,100,,,,,,,,,,"Heater timer step 41",
"Recipe.step 41 Left","V11244",Word,1,R/W,100,,,,,,,,,,"Left heater temperature step 41",
"Recipe.step 41 N2","V10563",Word,1,R/W,100,,,,,,,,,,"N2 flow setpoint, MFC-2 step 41",
"Recipe.step 41 NH3","V10566",Word,1,R/W,100,,,,,,,,,,"NH3 flow setpoin, MFC-7, t step 41",
"Recipe.step 41 O2","V10562",Word,1,R/W,100,,,,,,,,,,"O2 flow setpoint, MFC-1  step 41",
"Recipe.step 41 Press","V10561",Word,1,R/W,100,,,,,,,,,,"Furnace pressure setpoint step 41",
"Recipe.step 41 Right","V11246",Word,1,R/W,100,,,,,,,,,,"Right heater temperature step 41",
"Recipe.step 41 Time","V10571",Word,1,R/W,100,,,,,,,,,,"Process time step 41",
"Recipe.step 42 Ar","V10601",Word,1,R/W,100,,,,,,,,,,"Ar flow setpoint, MFC-9,  step 42",
"Recipe.step 42 Center","V11251",Word,1,R/W,100,,,,,,,,,,"Center heater temperature step 42",
"Recipe.step 42 CH4","V10575",Word,1,R/W,100,,,,,,,,,,"CH4 flow setpoint, MFC-4,   step 42",
"Recipe.step 42 H2","V10576",Word,1,R/W,100,,,,,,,,,,"H2 flow setpoint, MFC-5 & MFC-6,  step 42",
"Recipe.step 42 H2S","V10600",Word,1,R/W,100,,,,,,,,,,"H2S flow setpoint, MFC-8,  step 42",
"Recipe.step 42 Ht time","V11253",Word,1,R/W,100,,,,,,,,,,"Heater timer step 42",
"Recipe.step 42 Left","V11250",Word,1,R/W,100,,,,,,,,,,"Left heater temperature step 42",
"Recipe.step 42 N2","V10574",Word,1,R/W,100,,,,,,,,,,"N2 flow setpoint, MFC-2 step 42",
"Recipe.step 42 NH3","V10577",Word,1,R/W,100,,,,,,,,,,"NH3 flow setpoin, MFC-7, t step 42",
"Recipe.step 42 O2","V10573",Word,1,R/W,100,,,,,,,,,,"O2 flow setpoint, MFC-1  step 42",
"Recipe.step 42 Press","V10572",Word,1,R/W,100,,,,,,,,,,"Furnace pressure setpoint step 42",
"Recipe.step 42 Right","V11252",Word,1,R/W,100,,,,,,,,,,"Right heater temperature step 42",
"Recipe.step 42 Time","V10602",Word,1,R/W,100,,,,,,,,,,"Process time step 42",
"Recipe.step 43 Ar","V10612",Word,1,R/W,100,,,,,,,,,,"Ar flow setpoint, MFC-9,  step 43",
"Recipe.step 43 Center","V11255",Word,1,R/W,100,,,,,,,,,,"Center heater temperature step 43",
"Recipe.step 43 CH4","V10606",Word,1,R/W,100,,,,,,,,,,"CH4 flow setpoint, MFC-4,   step 43",
"Recipe.step 43 H2","V10607",Word,1,R/W,100,,,,,,,,,,"H2 flow setpoint, MFC-5 & MFC-6,  step 43",
"Recipe.step 43 H2S","V10611",Word,1,R/W,100,,,,,,,,,,"H2S flow setpoint, MFC-8,  step 43",
"Recipe.step 43 Ht time","V11257",Word,1,R/W,100,,,,,,,,,,"Heater timer step 43",
"Recipe.step 43 Left","V11254",Word,1,R/W,100,,,,,,,,,,"Left heater temperature step 43",
"Recipe.step 43 N2","V10605",Word,1,R/W,100,,,,,,,,,,"N2 flow setpoint, MFC-2 step 43",
"Recipe.step 43 NH3","V10610",Word,1,R/W,100,,,,,,,,,,"NH3 flow setpoin, MFC-7, t step 43",
"Recipe.step 43 O2","V10604",Word,1,R/W,100,,,,,,,,,,"O2 flow setpoint, MFC-1  step 43",
"Recipe.step 43 Press","V10603",Word,1,R/W,100,,,,,,,,,,"Furnace pressure setpoint step 43",
"Recipe.step 43 Right","V11256",Word,1,R/W,100,,,,,,,,,,"Right heater temperature step 43",
"Recipe.step 43 Time","V10613",Word,1,R/W,100,,,,,,,,,,"Process time step 43",
"Recipe.step 44 Ar","V10623",Word,1,R/W,100,,,,,,,,,,"Ar flow setpoint, MFC-9,  step 44",
"Recipe.step 44 Center","V11261",Word,1,R/W,100,,,,,,,,,,"Center heater temperature step 44",
"Recipe.step 44 CH4","V10617",Word,1,R/W,100,,,,,,,,,,"CH4 flow setpoint, MFC-4,   step 44",
"Recipe.step 44 H2","V10620",Word,1,R/W,100,,,,,,,,,,"H2 flow setpoint, MFC-5 & MFC-6,  step 44",
"Recipe.step 44 H2S","V10622",Word,1,R/W,100,,,,,,,,,,"H2S flow setpoint, MFC-8,  step 44",
"Recipe.step 44 Ht time","V11263",Word,1,R/W,100,,,,,,,,,,"Heater timer step 44",
"Recipe.step 44 Left","V11260",Word,1,R/W,100,,,,,,,,,,"Left heater temperature step 44",
"Recipe.step 44 N2","V10616",Word,1,R/W,100,,,,,,,,,,"N2 flow setpoint, MFC-2 step 44",
"Recipe.step 44 NH3","V10621",Word,1,R/W,100,,,,,,,,,,"NH3 flow setpoin, MFC-7, t step 44",
"Recipe.step 44 O2","V10615",Word,1,R/W,100,,,,,,,,,,"O2 flow setpoint, MFC-1  step 44",
"Recipe.step 44 Press","V10614",Word,1,R/W,100,,,,,,,,,,"Furnace pressure setpoint step 44",
"Recipe.step 44 Right","V11262",Word,1,R/W,100,,,,,,,,,,"Right heater temperature step 44",
"Recipe.step 44 Time","V10624",Word,1,R/W,100,,,,,,,,,,"Process time step 44",
"Recipe.step 45 Ar","V10634",Word,1,R/W,100,,,,,,,,,,"Ar flow setpoint, MFC-9,  step 45",
"Recipe.step 45 Center","V11265",Word,1,R/W,100,,,,,,,,,,"Center heater temperature step 45",
"Recipe.step 45 CH4","V10630",Word,1,R/W,100,,,,,,,,,,"CH4 flow setpoint, MFC-4,   step 45",
"Recipe.step 45 H2","V10631",Word,1,R/W,100,,,,,,,,,,"H2 flow setpoint, MFC-5 & MFC-6,  step 45",
"Recipe.step 45 H2S","V10633",Word,1,R/W,100,,,,,,,,,,"H2S flow setpoint, MFC-8,  step 45",
"Recipe.step 45 Ht time","V11267",Word,1,R/W,100,,,,,,,,,,"Heater timer step 45",
"Recipe.step 45 Left","V11264",Word,1,R/W,100,,,,,,,,,,"Left heater temperature step 45",
"Recipe.step 45 N2","V10627",Word,1,R/W,100,,,,,,,,,,"N2 flow setpoint, MFC-2 step 45",
"Recipe.step 45 NH3","V10632",Word,1,R/W,100,,,,,,,,,,"NH3 flow setpoin, MFC-7, t step 45",
"Recipe.step 45 O2","V10626",Word,1,R/W,100,,,,,,,,,,"O2 flow setpoint, MFC-1  step 45",
"Recipe.step 45 Press","V10625",Word,1,R/W,100,,,,,,,,,,"Furnace pressure setpoint step 45",
"Recipe.step 45 Right","V11266",Word,1,R/W,100,,,,,,,,,,"Right heater temperature step 45",
"Recipe.step 45 Time","V10635",Word,1,R/W,100,,,,,,,,,,"Process time step 45",
"Recipe.step 46 Ar","V10645",Word,1,R/W,100,,,,,,,,,,"Ar flow setpoint, MFC-9,  step 46",
"Recipe.step 46 Center","V11271",Word,1,R/W,100,,,,,,,,,,"Center heater temperature step 46",
"Recipe.step 46 CH4","V10641",Word,1,R/W,100,,,,,,,,,,"CH4 flow setpoint, MFC-4,   step 46",
"Recipe.step 46 H2","V10642",Word,1,R/W,100,,,,,,,,,,"H2 flow setpoint, MFC-5 & MFC-6,  step 46",
"Recipe.step 46 H2S","V10644",Word,1,R/W,100,,,,,,,,,,"H2S flow setpoint, MFC-8,  step 46",
"Recipe.step 46 Ht time","V11273",Word,1,R/W,100,,,,,,,,,,"Heater timer step 46",
"Recipe.step 46 Left","V11270",Word,1,R/W,100,,,,,,,,,,"Left heater temperature step 46",
"Recipe.step 46 N2","V10640",Word,1,R/W,100,,,,,,,,,,"N2 flow setpoint, MFC-2 step 46",
"Recipe.step 46 NH3","V10643",Word,1,R/W,100,,,,,,,,,,"NH3 flow setpoin, MFC-7, t step 46",
"Recipe.step 46 O2","V10637",Word,1,R/W,100,,,,,,,,,,"O2 flow setpoint, MFC-1  step 46",
"Recipe.step 46 Press","V10636",Word,1,R/W,100,,,,,,,,,,"Furnace pressure setpoint step 46",
"Recipe.step 46 Right","V11272",Word,1,R/W,100,,,,,,,,,,"Right heater temperature step 46",
"Recipe.step 46 Time","V10646",Word,1,R/W,100,,,,,,,,,,"Process time step 46",
"Recipe.step 47 Ar","V10656",Word,1,R/W,100,,,,,,,,,,"Ar flow setpoint, MFC-9,  step 47",
"Recipe.step 47 Center","V11275",Word,1,R/W,100,,,,,,,,,,"Center heater temperature step 47",
"Recipe.step 47 CH4","V10652",Word,1,R/W,100,,,,,,,,,,"CH4 flow setpoint, MFC-4,   step 47",
"Recipe.step 47 H2","V10653",Word,1,R/W,100,,,,,,,,,,"H2 flow setpoint, MFC-5 & MFC-6,  step 47",
"Recipe.step 47 H2S","V10655",Word,1,R/W,100,,,,,,,,,,"H2S flow setpoint, MFC-8,  step 47",
"Recipe.step 47 Ht time","V11277",Word,1,R/W,100,,,,,,,,,,"Heater timer step 47",
"Recipe.step 47 Left","V11274",Word,1,R/W,100,,,,,,,,,,"Left heater temperature step 47",
"Recipe.step 47 N2","V10651",Word,1,R/W,100,,,,,,,,,,"N2 flow setpoint, MFC-2 step 47",
"Recipe.step 47 NH3","V10654",Word,1,R/W,100,,,,,,,,,,"NH3 flow setpoin, MFC-7, t step 47",
"Recipe.step 47 O2","V10650",Word,1,R/W,100,,,,,,,,,,"O2 flow setpoint, MFC-1  step 47",
"Recipe.step 47 Press","V10647",Word,1,R/W,100,,,,,,,,,,"Furnace pressure setpoint step 47",
"Recipe.step 47 Right","V11276",Word,1,R/W,100,,,,,,,,,,"Right heater temperature step 47",
"Recipe.step 47 Time","V10657",Word,1,R/W,100,,,,,,,,,,"Process time step 47",
"Recipe.step 48 Ar","V10667",Word,1,R/W,100,,,,,,,,,,"Ar flow setpoint, MFC-9,  step 48",
"Recipe.step 48 Center","V11301",Word,1,R/W,100,,,,,,,,,,"Center heater temperature step 48",
"Recipe.step 48 CH4","V10663",Word,1,R/W,100,,,,,,,,,,"CH4 flow setpoint, MFC-4,   step 48",
"Recipe.step 48 H2","V10664",Word,1,R/W,100,,,,,,,,,,"H2 flow setpoint, MFC-5 & MFC-6,  step 48",
"Recipe.step 48 H2S","V10666",Word,1,R/W,100,,,,,,,,,,"H2S flow setpoint, MFC-8,  step 48",
"Recipe.step 48 Ht time","V11303",Word,1,R/W,100,,,,,,,,,,"Heater timer step 48",
"Recipe.step 48 Left","V11300",Word,1,R/W,100,,,,,,,,,,"Left heater temperature step 48",
"Recipe.step 48 N2","V10662",Word,1,R/W,100,,,,,,,,,,"N2 flow setpoint, MFC-2 step 48",
"Recipe.step 48 NH3","V10665",Word,1,R/W,100,,,,,,,,,,"NH3 flow setpoin, MFC-7, t step 48",
"Recipe.step 48 O2","V10661",Word,1,R/W,100,,,,,,,,,,"O2 flow setpoint, MFC-1  step 48",
"Recipe.step 48 Press","V10660",Word,1,R/W,100,,,,,,,,,,"Furnace pressure setpoint step 48",
"Recipe.step 48 Right","V11302",Word,1,R/W,100,,,,,,,,,,"Right heater temperature step 48",
"Recipe.step 48 Time","V10670",Word,1,R/W,100,,,,,,,,,,"Process time step 48",
"Recipe.step 49 Ar","V10700",Word,1,R/W,100,,,,,,,,,,"Ar flow setpoint, MFC-9,  step 49",
"Recipe.step 49 Center","V11305",Word,1,R/W,100,,,,,,,,,,"Center heater temperature step 49",
"Recipe.step 49 CH4","V10674",Word,1,R/W,100,,,,,,,,,,"CH4 flow setpoint, MFC-4,   step 49",
"Recipe.step 49 H2","V10675",Word,1,R/W,100,,,,,,,,,,"H2 flow setpoint, MFC-5 & MFC-6,  step 49",
"Recipe.step 49 H2S","V10677",Word,1,R/W,100,,,,,,,,,,"H2S flow setpoint, MFC-8,  step 49",
"Recipe.step 49 Ht time","V11307",Word,1,R/W,100,,,,,,,,,,"Heater timer step 49",
"Recipe.step 49 Left","V11304",Word,1,R/W,100,,,,,,,,,,"Left heater temperature step 49",
"Recipe.step 49 N2","V10673",Word,1,R/W,100,,,,,,,,,,"N2 flow setpoint, MFC-2 step 49",
"Recipe.step 49 NH3","V10676",Word,1,R/W,100,,,,,,,,,,"NH3 flow setpoin, MFC-7, t step 49",
"Recipe.step 49 O2","V10672",Word,1,R/W,100,,,,,,,,,,"O2 flow setpoint, MFC-1  step 49",
"Recipe.step 49 Press","V10671",Word,1,R/W,100,,,,,,,,,,"Furnace pressure setpoint step 49",
"Recipe.step 49 Right","V11306",Word,1,R/W,100,,,,,,,,,,"Right heater temperature step 49",
"Recipe.step 49 Time","V10701",Word,1,R/W,100,,,,,,,,,,"Process time step 49",
"Recipe.step 5 Ar","V10064",Word,1,R/W,100,,,,,,,,,,"Ar flow setpoint, MFC-9,  step 5",
"Recipe.step 5 Center","V11025",Word,1,R/W,100,,,,,,,,,,"Center heater temperature step 5",
"Recipe.step 5 CH4","V10060",Word,1,R/W,100,,,,,,,,,,"CH4 flow setpoint, MFC-4,   step 5",
"Recipe.step 5 H2","V10061",Word,1,R/W,100,,,,,,,,,,"H2 flow setpoint, MFC-5 & MFC-6,  step 5",
"Recipe.step 5 H2S","V10063",Word,1,R/W,100,,,,,,,,,,"H2S flow setpoint, MFC-8,  step 5",
"Recipe.step 5 Ht time","V11027",Word,1,R/W,100,,,,,,,,,,"Heater timer step 5",
"Recipe.step 5 Left","V11024",Word,1,R/W,100,,,,,,,,,,"Left heater temperature step 5",
"Recipe.step 5 N2","V10057",Word,1,R/W,100,,,,,,,,,,"N2 flow setpoint, MFC-2 step 5",
"Recipe.step 5 NH3","V10062",Word,1,R/W,100,,,,,,,,,,"NH3 flow setpoin, MFC-7, t step 5",
"Recipe.step 5 O2","V10056",Word,1,R/W,100,,,,,,,,,,"O2 flow setpoint, MFC-1  step 5",
"Recipe.step 5 Press","V10055",Word,1,R/W,100,,,,,,,,,,"Furnace pressure setpoint step 5",
"Recipe.step 5 Right","V11026",Word,1,R/W,100,,,,,,,,,,"Right heater temperature step 5",
"Recipe.step 5 Time","V10065",Word,1,R/W,100,,,,,,,,,,"Process time step 5",
"Recipe.step 50 Ar","V10711",Word,1,R/W,100,,,,,,,,,,"Ar flow setpoint, MFC-9,  step 50",
"Recipe.step 50 Center","V11311",Word,1,R/W,100,,,,,,,,,,"Center heater temperature step 50",
"Recipe.step 50 CH4","V10705",Word,1,R/W,100,,,,,,,,,,"CH4 flow setpoint, MFC-4,   step 50",
"Recipe.step 50 H2","V10706",Word,1,R/W,100,,,,,,,,,,"H2 flow setpoint, MFC-5 & MFC-6,  step 50",
"Recipe.step 50 H2S","V10710",Word,1,R/W,100,,,,,,,,,,"H2S flow setpoint, MFC-8,  step 50",
"Recipe.step 50 Ht time","V11313",Word,1,R/W,100,,,,,,,,,,"Heater timer step 50",
"Recipe.step 50 Left","V11310",Word,1,R/W,100,,,,,,,,,,"Left heater temperature step 50",
"Recipe.step 50 N2","V10704",Word,1,R/W,100,,,,,,,,,,"N2 flow setpoint, MFC-2 step 50",
"Recipe.step 50 NH3","V10707",Word,1,R/W,100,,,,,,,,,,"NH3 flow setpoin, MFC-7, t step 50",
"Recipe.step 50 O2","V10703",Word,1,R/W,100,,,,,,,,,,"O2 flow setpoint, MFC-1  step 50",
"Recipe.step 50 Press","V10702",Word,1,R/W,100,,,,,,,,,,"Furnace pressure setpoint step 50",
"Recipe.step 50 Right","V11312",Word,1,R/W,100,,,,,,,,,,"Right heater temperature step 50",
"Recipe.step 50 Time","V10712",Word,1,R/W,100,,,,,,,,,,"Process time step 50",
"Recipe.step 6 Ar","V10075",Word,1,R/W,100,,,,,,,,,,"Ar flow setpoint, MFC-9,  step 6",
"Recipe.step 6 Center","V11031",Word,1,R/W,100,,,,,,,,,,"Center heater temperature step 6",
"Recipe.step 6 CH4","V10071",Word,1,R/W,100,,,,,,,,,,"CH4 flow setpoint, MFC-4,   step 6",
"Recipe.step 6 H2","V10072",Word,1,R/W,100,,,,,,,,,,"H2 flow setpoint, MFC-5 & MFC-6,  step 6",
"Recipe.step 6 H2S","V10074",Word,1,R/W,100,,,,,,,,,,"H2S flow setpoint, MFC-8,  step 6",
"Recipe.step 6 Ht time","V11033",Word,1,R/W,100,,,,,,,,,,"Heater timer step 6",
"Recipe.step 6 Left","V11030",Word,1,R/W,100,,,,,,,,,,"Left heater temperature step 6",
"Recipe.step 6 N2","V10070",Word,1,R/W,100,,,,,,,,,,"N2 flow setpoint, MFC-2 step 6",
"Recipe.step 6 NH3","V10073",Word,1,R/W,100,,,,,,,,,,"NH3 flow setpoin, MFC-7, t step 6",
"Recipe.step 6 O2","V10067",Word,1,R/W,100,,,,,,,,,,"O2 flow setpoint, MFC-1  step 6",
"Recipe.step 6 Press","V10066",Word,1,R/W,100,,,,,,,,,,"Furnace pressure setpoint step 6",
"Recipe.step 6 Right","V11032",Word,1,R/W,100,,,,,,,,,,"Right heater temperature step 6",
"Recipe.step 6 Time","V10076",Word,1,R/W,100,,,,,,,,,,"Process time step 6",
"Recipe.step 7 Ar","V10106",Word,1,R/W,100,,,,,,,,,,"Ar flow setpoint, MFC-9,  step 7",
"Recipe.step 7 Center","V11035",Word,1,R/W,100,,,,,,,,,,"Center heater temperature step 7",
"Recipe.step 7 CH4","V10102",Word,1,R/W,100,,,,,,,,,,"CH4 flow setpoint, MFC-4,   step 7",
"Recipe.step 7 H2","V10103",Word,1,R/W,100,,,,,,,,,,"H2 flow setpoint, MFC-5 & MFC-6,  step 7",
"Recipe.step 7 H2S","V10105",Word,1,R/W,100,,,,,,,,,,"H2S flow setpoint, MFC-8,  step 7",
"Recipe.step 7 Ht time","V11037",Word,1,R/W,100,,,,,,,,,,"Heater timer step 7",
"Recipe.step 7 Left","V11034",Word,1,R/W,100,,,,,,,,,,"Left heater temperature step 7",
"Recipe.step 7 N2","V10101",Word,1,R/W,100,,,,,,,,,,"N2 flow setpoint, MFC-2 step 7",
"Recipe.step 7 NH3","V10104",Word,1,R/W,100,,,,,,,,,,"NH3 flow setpoin, MFC-7, t step 7",
"Recipe.step 7 O2","V10100",Word,1,R/W,100,,,,,,,,,,"O2 flow setpoint, MFC-1  step 7",
"Recipe.step 7 Press","V10077",Word,1,R/W,100,,,,,,,,,,"Furnace pressure setpoint step 7",
"Recipe.step 7 Right","V11036",Word,1,R/W,100,,,,,,,,,,"Right heater temperature step 7",
"Recipe.step 7 Time","V10107",Word,1,R/W,100,,,,,,,,,,"Process time step 7",
"Recipe.step 8 Ar","V10117",Word,1,R/W,100,,,,,,,,,,"Ar flow setpoint, MFC-9,  step 8",
"Recipe.step 8 Center","V11041",Word,1,R/W,100,,,,,,,,,,"Center heater temperature step 8",
"Recipe.step 8 CH4","V10113",Word,1,R/W,100,,,,,,,,,,"CH4 flow setpoint, MFC-4,   step 8",
"Recipe.step 8 H2","V10114",Word,1,R/W,100,,,,,,,,,,"H2 flow setpoint, MFC-5 & MFC-6,  step 8",
"Recipe.step 8 H2S","V10116",Word,1,R/W,100,,,,,,,,,,"H2S flow setpoint, MFC-8,  step 8",
"Recipe.step 8 Ht time","V11043",Word,1,R/W,100,,,,,,,,,,"Heater timer step 8",
"Recipe.step 8 Left","V11040",Word,1,R/W,100,,,,,,,,,,"Left heater temperature step 8",
"Recipe.step 8 N2","V10112",Word,1,R/W,100,,,,,,,,,,"N2 flow setpoint, MFC-2 step 8",
"Recipe.step 8 NH3","V10115",Word,1,R/W,100,,,,,,,,,,"NH3 flow setpoin, MFC-7, t step 8",
"Recipe.step 8 O2","V10111",Word,1,R/W,100,,,,,,,,,,"O2 flow setpoint, MFC-1  step 8",
"Recipe.step 8 Press","V10110",Word,1,R/W,100,,,,,,,,,,"Furnace pressure setpoint step 8",
"Recipe.step 8 Right","V11042",Word,1,R/W,100,,,,,,,,,,"Right heater temperature step 8",
"Recipe.step 8 Time","V10120",Word,1,R/W,100,,,,,,,,,,"Process time step 8",
"Recipe.step 9 Ar","V10130",Word,1,R/W,100,,,,,,,,,,"Ar flow setpoint, MFC-9,  step 9",
"Recipe.step 9 Center","V11045",Word,1,R/W,100,,,,,,,,,,"Center heater temperature step 9",
"Recipe.step 9 CH4","V10124",Word,1,R/W,100,,,,,,,,,,"CH4 flow setpoint, MFC-4,   step 9",
"Recipe.step 9 H2","V10125",Word,1,R/W,100,,,,,,,,,,"H2 flow setpoint, MFC-5 & MFC-6,  step 9",
"Recipe.step 9 H2S","V10127",Word,1,R/W,100,,,,,,,,,,"H2S flow setpoint, MFC-8,  step 9",
"Recipe.step 9 Ht time","V11047",Word,1,R/W,100,,,,,,,,,,"Heater timer step 9",
"Recipe.step 9 Left","V11044",Word,1,R/W,100,,,,,,,,,,"Left heater temperature step 9",
"Recipe.step 9 N2","V10123",Word,1,R/W,100,,,,,,,,,,"N2 flow setpoint, MFC-2 step 9",
"Recipe.step 9 NH3","V10126",Word,1,R/W,100,,,,,,,,,,"NH3 flow setpoin, MFC-7, t step 9",
"Recipe.step 9 O2","V10122",Word,1,R/W,100,,,,,,,,,,"O2 flow setpoint, MFC-1  step 9",
"Recipe.step 9 Press","V10121",Word,1,R/W,100,,,,,,,,,,"Furnace pressure setpoint step 9",
"Recipe.step 9 Right","V11046",Word,1,R/W,100,,,,,,,,,,"Right heater temperature step 9",
"Recipe.step 9 Time","V10131",Word,1,R/W,100,,,,,,,,,,"Process time step 9",
